imagePositionX,imagePositionY,eventType
658.18,862.32,2
761.99,248.89,2
687.44,632.46,2
672.4,654.26,2
662.67,646.44,2
652.89,654.92,0
649.91,643.62,0
645.42,643.05,0
639.85,643.77,0
639.23,638.14,0
639.44,640.54,0
642.92,639.31,0
648.4,639.52,1
667.75,600.08,1
663.75,606.08,1
672.75,594.21,0
674.97,584.25,0
679.05,595.19,0
679.21,592.43,0
680.77,593.56,0
686.43,597.4,0
688.79,600.65,0
692.9,605.56,0
696.79,606.4,1
518.1,586.47,1
352.38,566,1
309.09,578.27,0
320.81,580.09,0
337.31,588.26,0
360.77,586.93,0
367.84,606.3,0
389.56,609.74,0
391.59,617.99,0
398.93,615.64,1
612.9,584.7,1
756.39,578.61,0
750.55,573.29,0
743.41,571.76,0
723.12,566.87,1
712.51,565.86,1
761.76,515.94,1
749.52,512,1
735.45,509.89,0
720.89,516.77,0
710.76,522.78,0
704.44,526.52,0
693.45,528.72,0
690.42,532.71,0
683.58,532.9,0
680.16,533.98,0
674.48,534.26,0
672.33,533.94,0
666.83,530.56,0
664.31,530.01,0
663.69,526.41,0
662.27,524.23,0
707.55,509.93,1
851.07,443.14,1
832.34,437.4,0
806.36,428.24,0
769.57,421.43,2
753.31,416.72,2
977.97,432.79,2
1356.8,485.71,2
1485.12,545,2
1464.42,517.01,2
1418.14,513.82,2
1337.16,487.88,2
1258.06,468.96,2
1119.63,568.56,2
830.11,863.92,0
791.54,912.16,0
786.17,908.09,0
774.78,872.24,1
762.66,1020.8,1
724.43,951.89,0
722.89,944.94,0
716.76,929.31,0
732.85,957.46,1
722.35,889.71,1
742.2,899.51,0
726.91,895.88,0
755.94,894.6,0
766.46,901.39,1
748.94,866.64,1
762.33,862.57,0
785.28,874.9,0
816.27,878.58,0
850.16,873.07,0
881.11,876.21,1
831.29,852.19,1
826.55,829.96,1
824.33,815.34,0
822.9,809.34,0
822.95,804.92,0
826.63,803.21,0
826.62,801.95,0
824.29,802.17,0
822.85,804.8,0
816.32,794.41,1
814.75,807.3,1
813.21,811.79,1
814.59,832.4,0
808.5,840.51,0
801.86,844.19,0
787.2,831.39,1
775.2,855.56,1
761.1,841.06,0
757.32,844.16,0
751.21,880.83,0
742.83,869.97,1
745.39,1015.47,1
747.06,1012.7,1
725.73,914.53,1
716.34,855.75,1
711.65,905.67,0
713.72,865.49,0
717.93,823.93,0
642.45,825.36,1
413.62,641.08,1
366.12,560.65,0
385.2,549.8,0
411.37,548.21,0
439.38,554.65,0
466.27,556.9,0
491.96,561.29,0
510.29,574.76,0
533.81,574.73,0
543.52,585.6,2
550.65,598.53,2
561.52,603,2
565.39,618.88,2
781.75,754.88,2
1001.86,908.5,2
963.92,898.95,2
927.51,901.22,2
889.84,900.94,2
1094.02,1061.88,2
1073.09,1082.26,0
1003.37,1042.95,0
943.38,995.71,0
903.04,975.23,1
839.83,935.27,1
862.72,932.92,1
780.05,872.22,1
753.59,833.06,1
695.47,788.39,1
673.41,788.12,1
653.71,869.37,1
660.94,1119.82,1
757.13,1009.72,1
1669.15,-4283,1
536.24,417.08,1
1563.94,-62.01,1
757.13,1009.72,1
757.13,1009.72,1
757.13,1009.72,3
757.13,1009.72,1
298.98,2397.39,1
276.98,2504.08,1
757.13,1009.72,1
757.13,1009.72,1
757.13,1009.72,3
757.13,1009.72,3
-98.27,181.06,3
91859.16,70385.06,1
-1939.2,-1542.77,1
614.02,818.15,1
-5056.2,-5463.59,1
NaN,NaN,1
15334.71,-25531.17,3
757.13,1009.72,3
757.13,1009.72,1
-1309.63,9467.25,1
-1393.18,9782.91,1
NaN,NaN,3
NaN,NaN,3
NaN,NaN,3
NaN,NaN,3
757.13,1009.72,3
757.13,1009.72,3
757.13,1009.72,3
NaN,NaN,3
NaN,NaN,3
NaN,NaN,3
NaN,NaN,3
NaN,NaN,3
-756.82,-1290.93,3
96.36,137.31,3
NaN,NaN,3
NaN,NaN,3
NaN,NaN,3
NaN,NaN,3
NaN,NaN,3
-756.74,-1295.09,3
NaN,NaN,3
NaN,NaN,3
NaN,NaN,3
NaN,NaN,3
NaN,NaN,3
NaN,NaN,3
NaN,NaN,3
NaN,NaN,3
NaN,NaN,3
1645.35,782.49,3
NaN,NaN,3
NaN,NaN,3
NaN,NaN,3
NaN,NaN,3
NaN,NaN,3
NaN,NaN,3
NaN,NaN,3
NaN,NaN,3
NaN,NaN,3
NaN,NaN,3
NaN,NaN,3
NaN,NaN,3
NaN,NaN,3
NaN,NaN,3
573.35,1077.21,3
NaN,NaN,3
NaN,NaN,3
NaN,NaN,3
NaN,NaN,3
NaN,NaN,3
NaN,NaN,3
NaN,NaN,3
NaN,NaN,3
NaN,NaN,3
NaN,NaN,3
NaN,NaN,3
NaN,NaN,3
NaN,NaN,3
NaN,NaN,3
NaN,NaN,3
NaN,NaN,3
NaN,NaN,3
60.5,644.93,3
NaN,NaN,3
823.81,1465.88,3
-171.84,1060.9,3
373.83,1498.56,3
-88.22,1591.17,1
384.63,1493.52,1
-35.36,1578.56,1
379.32,1493.84,3
-31.5,1581.41,3
386.88,1487.56,1
-60.37,1572.12,1
-67.29,1582.25,1
-69.68,1576.48,1
411.2,1068.81,1
524.38,1120.25,1
432.54,1017.98,1
358.4,1065.1,1
455.22,1007.95,1
344.63,934,1
291.02,979.84,1
378.91,948.46,1
394.92,934.4,1
367.69,852.58,2
408.12,819.58,2
417.83,836.09,2
443.96,755.35,2
462.01,777.87,2
490.73,763.24,2
488.99,677.1,2
515.74,797.49,2
544.42,767.35,2
441.6,804.38,2
234.41,846.63,2
247.86,857.1,2
276.09,1028.45,2
312.78,1036.65,2
349.53,1028.85,0
382.36,1055.54,0
439.51,1042.88,1
338.58,1015.76,1
275.83,1017.25,1
359.42,729.12,2
334.39,1122.64,2
366.63,1138.25,2
421.1,1072.28,2
436.91,1129.82,3
460.15,1101.11,3
529.2,787.7,2
644.53,689.23,2
643.81,685.63,2
649.5,687.01,2
651.59,799.44,2
656.65,701.46,3
648.09,755.52,3
643.99,1152.78,3
662.11,731.27,2
661.72,1140.64,2
680.49,749.23,2
664.29,809.84,2
702,1087.75,2
532.02,807.92,2
483.56,774.43,2
428.71,756.98,2
386,810.55,2
340.27,803.2,0
308.92,796.1,0
297.81,780.99,0
298.63,768.32,0
302.03,751.46,0
310.93,704.29,1
400.49,1016.55,1
422.05,1145.31,0
470.47,1084.93,0
523.17,1037.92,1
541.9,1101.76,1
617.44,754.56,1
514.89,791.83,1
286.6,828.16,1
223.06,841.64,1
344.09,823.32,3
449.78,1063.6,1
603.07,740.87,1
707.99,830.5,1
808.05,762.61,0
832.03,749.66,0
845.32,745.28,0
867.6,694.06,2
759.6,687.95,2
597.3,652.87,2
607.98,709.52,0
588.87,668.4,0
592.96,717.58,0
585.05,682.57,0
567.46,684.3,1
712.15,683.81,1
753.34,684.28,0
722.27,702.86,0
664.39,707.55,0
623.96,715.53,0
585.06,725.9,0
571,710.86,1
536.77,768.71,1
538.52,747.08,0
596.02,745.75,0
851.48,669.28,1
1183.5,583.45,1
1181.29,568.04,1
1127.31,554.68,0
1104.11,553.95,0
1089.72,558.85,0
1070.89,555.8,0
1068.94,570.08,0
1069.62,581.78,1
1075.51,601.17,1
1061.32,610.6,0
1074.32,628.84,0
896.18,643.55,1
550.74,607.11,1
338.65,623.63,0
381.39,607.44,0
447.82,589.1,0
496.07,581.89,0
550.09,579.72,0
592.66,578.74,0
631.17,588.66,0
662.91,600.15,0
699.87,593.49,1
970.14,555.02,1
1033.12,561.78,1
976.13,547.27,1
864.13,528.88,1
786.17,537.67,1
717.28,564.13,0
682.74,588.71,0
651.33,596.98,0
631.97,601.57,0
622.29,590.11,0
620.39,574.31,0
620.33,543.27,0
652.77,551.16,1
711.28,715.17,1
727.07,840.04,0
705.97,819.09,0
679.21,774.31,0
657.83,735.07,0
667.25,702.69,0
670.06,687.87,0
673.04,672.65,0
672.68,670.15,0
674.27,676.36,0
658.18,716.83,1
551.43,578.97,1
436.59,498.26,0
427.98,498.6,0
436.77,516.93,0
461.6,539.53,0
474.12,557.83,0
487.39,563.03,0
495.69,564.27,0
505.83,551.52,0
522.02,531.73,0
534.78,504.25,0
575.35,556.59,0
690.12,737.97,2
692.48,740.62,2
672.32,742.43,2
660.73,743.45,2
653.33,748.48,2
710.01,736.29,2
715.61,725.88,2
718.58,696.79,2
724.97,676.22,2
707.83,661.45,0
700.07,651.37,0
690.76,633.4,0
682.27,624,0
678.72,616.71,0
671.45,621.84,0
670.86,628.38,1
671.5,640.37,1
671.17,641.54,0
670.88,638.76,0
670.87,640.79,1
670.04,625.66,1
670.57,625.68,0
674.91,625.56,0
741.02,639.7,0
740.83,650.37,0
729.18,651.99,0
719.25,663.19,0
710.24,671.26,0
697.48,667.07,0
690.47,667.04,0
681.24,658.8,0
671.28,637.78,1
694.1,728.21,1
713.07,881.49,1
716.3,870,0
720.8,865.67,0
735.46,904.15,0
739.93,903.67,1
736.98,865.19,1
737.27,865.4,0
741.5,874.11,0
745.39,870.61,1
715.59,892.57,1
378.38,1119.51,1
173.39,1015.01,1
212.39,986.58,1
291.22,941.79,1
284.41,952.69,1
325.7,987.27,1
315.52,910.12,1
275.45,882.12,0
319.87,832.12,0
354.51,810.41,0
408.01,785.81,0
443.2,782.16,0
425.37,671.95,1
426.13,545.63,1
466.57,500.32,1
538.68,523.54,1
571.93,560.12,1
594.23,593.63,0
600.37,621.96,0
586.01,645.43,0
587.25,654.72,0
580.11,654.36,1
613.71,621.09,1
594.16,602.89,0
578.92,579.27,0
556.85,551.05,0
535.38,527.8,0
513.42,515.89,0
487.19,501.82,0
466.84,500.25,0
426.99,493.18,1
556.38,495.39,1
876.26,529.27,1
931.8,526.96,0
874.09,512.64,0
825.51,502.02,0
798.63,503.04,0
773.41,503.78,0
758.31,503.41,1
765.44,459.78,1
742.57,462.94,0
729.99,472.58,0
711.31,489.82,0
700.76,506.18,1
625.65,493.32,1
560.09,506.15,1
536.08,516.47,0
522.88,526.63,0
510.83,532.57,0
500.74,539.74,0
487.3,537.94,0
490.6,529.06,1
502.72,509.89,1
501.01,507.05,0
525.94,502.61,0
540.93,503.57,0
557.52,502.24,0
584.58,498.05,0
603.02,503.47,0
613.95,512.57,0
625.81,512.13,1
648.94,521.81,1
660.06,512.32,1
654.04,517.1,1
338.53,607.79,1
269.7,662.33,0
309.61,632.33,0
325.21,618.09,1
404.9,610.22,1
387.39,605.16,0
434.5,573.28,0
442.44,564.44,0
437.02,561.07,1
450.03,553.61,1
748.92,515.48,1
990.13,589.84,0
1015.64,621.3,0
1042.76,661.05,0
1033.61,680.46,0
968.56,661.36,1
948.18,623.03,1
612.74,584.61,1
443.7,711.41,1
512.63,716.48,2
513.26,722.75,2
496.26,730.14,2
495.2,725.77,2
475.94,668.96,2
534.54,689.16,1
528.06,604.62,1
538.2,599.3,1
546.43,689.14,2
540.12,704.61,2
545.5,721.15,2
543.75,726.37,2
475.52,682.18,0
428.33,685.16,0
395.77,675.58,1
386.11,831.51,1
472.81,788.31,1
521.71,705.24,0
589.75,704.02,0
628.52,706.63,0
622.26,686.44,0
607.05,673.89,0
591.97,656.23,1
635.06,619.57,1
637.03,589.72,0
621.66,578.33,0
614.39,562.14,0
612.08,551,0
610.3,547.29,0
607.22,548.24,0
596.2,529.29,1
622.49,504.66,1
953.55,492.5,1
1216.12,578.69,1
1049.18,400.31,0
1102.44,455.73,0
1120.83,526.4,0
1037.11,456.99,2
1014.61,415.33,2
970.55,484.69,2
714.13,461.46,2
562.69,593.48,2
487.66,394.3,2
93.08,1276.26,2
117.96,1258.45,2
217.38,419.04,2
125.66,469.06,2
79.23,464.41,2
117.97,412.96,2
143.68,437.79,2
222.83,469.24,2
251.24,519.53,2
254.8,659.57,3
245.63,517.74,1
572.29,537.41,1
703.88,600.23,0
685.52,630.74,0
652.32,644.22,0
604.54,677.15,0
567.27,681.54,0
529.05,737.08,2
532.12,636.12,2
488.38,730.71,2
529.51,573.72,2
518.31,583.35,2
442.33,537.7,0
438.61,559.19,0
480.47,562.58,0
501.6,578.36,2
531.08,596.84,2
565.79,624.92,2
636.11,734.2,2
392.42,501.43,2
70.46,647.3,2
-142.75,1279.51,2
164.61,465.2,2
191,618.54,2
245.17,525.74,2
192.22,1318.74,2
307.69,543.34,2
363.12,566.77,2
301.93,548.27,2
339.92,564.85,2
2574.41,-428.41,2
357.49,547.15,2
519.56,498.18,2
911.34,596.24,2
941.57,638.75,2
974.99,665.12,2
841.36,638.53,2
808.57,615.54,2
767.89,557.62,2
722.62,534.08,2
718.23,517.66,2
713.99,509.67,2
721.85,502.78,2
765.02,524.5,2
820,549.45,0
840.82,571.23,0
772.5,714.12,1
804.62,901.46,1
806.85,905.19,1
794.43,827.97,1
769.85,802.96,0
743.76,767.28,0
732.52,795.72,0
732.84,815.55,1
775.83,888.9,1
763.96,928.47,1
736.36,990.33,1
420.23,1017.57,1
663.07,1139.27,1
NaN,NaN,3
NaN,NaN,3
581.37,973.03,3
10064.89,-32696.75,3
557.35,-56.74,3
1744.1,-1830.97,1
1304.04,1256.92,1
NaN,NaN,1
182.4,579.33,3
NaN,NaN,3
733.47,385.19,3
405.46,235.12,3
191.31,5554.31,3
NaN,NaN,3
NaN,NaN,3
NaN,NaN,3
NaN,NaN,3
-1033.34,7539.76,3
NaN,NaN,3
NaN,NaN,3
NaN,NaN,3
714.08,860.32,3
NaN,NaN,3
NaN,NaN,3
NaN,NaN,3
NaN,NaN,3
763.3,1121.03,3
714.09,1096.4,1
654.56,886.4,1
701.05,862.69,0
684.52,841.22,0
691.12,803.41,0
694.64,810.07,0
697.92,778.88,0
692.94,749.91,0
704.29,756.09,0
699.72,771.17,0
698.62,762.94,0
706.2,757.45,0
714.42,757.03,1
711.61,744.19,1
718.29,750.74,1
722.08,773.64,1
715.09,758.71,1
713.43,587.51,1
622.6,408.31,1
588.21,329.3,1
506.92,286.69,1
468.43,282.2,0
433.97,276.09,0
442.53,314.45,0
484.16,374.2,1
395.6,370.35,1
386.28,388.85,0
424.82,425.16,0
474.56,457.46,0
522.95,482.84,1
451.79,491.69,1
118.87,498.29,1
60.71,511.62,0
99.22,513.99,0
155.39,517.55,0
182.67,525.54,0
184.47,533.1,0
173.64,538.08,0
178.1,545.14,0
192.44,547.11,1
168.5,560.46,1
192.43,569,0
168.99,578.47,0
168.61,588.76,0
172.67,590.85,0
171.04,594.89,1
476.28,535.72,1
835.08,526.45,1
862.02,544.17,0
857.24,547.53,0
790.79,557.04,0
699.9,569.34,1
599.6,609.18,1
524.62,592.48,0
489.03,606.31,0
506.75,656.38,2
502.66,669.09,2
511.23,692.27,2
515.28,704.15,2
519.24,726.4,2
524.44,736.85,2
532.07,685.35,0
529.06,692.68,0
536.12,686.35,0
538.12,683.71,0
543.42,684.97,1
537.29,691.67,1
532.55,697.34,0
534.92,687.34,0
536.54,684.43,0
540.53,677.65,1
548.68,703.48,1
549.64,716.33,0
564.79,716.62,0
574.23,701.17,0
585.6,692.15,0
586.62,679.34,0
589.31,674.34,0
585.74,674.43,0
586.95,665.3,1
590.04,641.97,1
584.54,663.64,0
593.07,647.43,0
600.47,687.53,1
705.91,904.64,1
807.97,1051.93,1
1201.82,1292.01,3
NaN,NaN,3
NaN,NaN,3
NaN,NaN,3
NaN,NaN,3
1574.77,510.52,3
199.27,1133.93,3
758.73,760.29,3
717.23,885.05,3
NaN,NaN,3
-318.7,3277.13,3
563.75,643.39,3
NaN,NaN,3
568.35,645.55,3
1731.43,618.99,1
19910.87,34026.22,1
699.26,1515.36,1
32992.38,56472.88,1
746.19,1583.84,1
NaN,NaN,3
4004.94,2563.74,3
3700.71,2454.68,3
NaN,NaN,3
NaN,NaN,3
NaN,NaN,3
NaN,NaN,3
NaN,NaN,3
NaN,NaN,3
691.43,586.25,0
612.19,596.05,0
585.28,518.62,1
561.35,363.59,1
558.47,354.42,0
581.32,400.06,0
602.59,454.64,0
610.25,501.02,0
620.8,540.09,0
606.52,560.18,1
512.13,562.61,1
519.22,584.12,0
528.73,601.66,0
540.43,607.09,0
543.35,622.84,1
541.22,663.17,1
539.86,670.16,0
537.82,659.35,0
527.41,650.95,0
522.05,659.08,0
517.34,664.79,0
512.47,670.6,0
513.19,669.79,1
490.84,665.39,1
482.53,662.5,0
480.29,663.22,0
482.63,663.85,0
482.03,664.24,0
483.79,666.2,0
481.64,667.45,1
473.17,666.71,1
468.62,662.57,2
461.49,657.53,2
564.28,644.07,2
931.26,639.53,2
1059.87,626.19,2
1120.36,627.49,2
1118.6,626.03,2
1133.8,627.78,2
1153.49,631.65,2
1174.05,622.98,2
1196.07,631.67,2
1196.4,624.28,2
1196.62,626.37,2
1682.01,699.47,2
1691.76,688.16,2
1487.47,564.56,2
971.78,620.44,2
700.8,786.74,2
475.93,687.01,2
483.05,644.15,2
495.66,636.56,2
502.97,635.15,0
510.91,633.98,0
519.1,631.9,0
521.74,628.01,0
526.52,627.82,1
536.81,627.97,1
541.74,629.35,1
548.77,625.38,0
552.74,628.99,0
554.9,623.48,0
554.67,630.2,0
554.27,628.22,0
553.02,623.95,0
551.78,623.47,0
553.76,623.81,0
553,622.02,0
553.01,621.81,0
551.41,624.25,0
552.26,623.23,0
553.85,624.47,0
554.32,620.39,0
551.67,621.39,0
553.26,620.18,0
549.79,623.23,0
549.53,621.15,0
553.01,619.52,0
545.52,623.44,0
546.75,621.55,0
548.12,619.43,0
548.26,618.2,0
545.52,619.64,0
550.08,616.12,0
546.81,617.27,0
546.15,618.75,0
548.54,616.25,0
545.79,619.77,0
549.78,618.47,0
553.69,622.91,0
555.28,626.21,0
558.42,627.3,1
553.41,631.5,1
553.71,632.36,1
550.18,630.71,1
509.82,627.13,1
521.96,646.73,1
516.79,633.49,1
514.41,640.14,0
514.17,625.52,0
513.68,626.96,0
516.01,627.36,0
514.85,625.13,0
517.19,625.56,0
516.65,626.99,0
514.35,627.5,0
516.38,626.39,0
517.66,628.82,0
515.94,626.47,0
515.22,629.18,0
520.04,627.97,0
516.86,635.96,0
517.01,633.48,0
517.53,629.37,0
518.5,632.2,0
518.97,628.99,0
519.29,627.81,0
521.7,630.03,0
519.81,632.47,0
519.31,635.09,0
522.57,633.52,0
521.15,634.89,0
523.31,633.11,0
521.72,634.91,0
522.76,633.21,0
520.72,633.27,0
522.57,631.75,0
522.63,628.13,0
521.09,627.73,1
523.87,620.2,1
520.6,619.91,0
525.49,611.42,0
525.5,601.39,0
526.88,590.86,0
525.78,579.56,0
529.24,568.49,0
557.44,573.41,1
599.45,632.89,1
609.97,608.93,0
608.08,568.42,0
612.62,527.21,0
609.21,489.01,1
542.89,463.21,1
476.1,451.04,1
473.04,438.54,0
464.22,435.6,0
456.68,434.53,0
448.24,437.53,0
443.48,439.55,0
434.98,443.18,1
484.03,432.13,1
509.44,434.89,0
508.3,441.14,0
512.41,446.33,0
511.85,450.91,0
517.29,450.38,0
519.88,448.5,0
519.33,449.21,0
519.57,451.98,1
513.1,457.32,1
510.66,455.41,0
511.35,447.61,0
512.22,440.14,0
513.91,435.69,0
514.73,433.33,0
513.32,429.54,0
511.79,428.52,1
452.18,481.26,1
158.25,617.4,1
152.11,618.52,0
196.02,601.92,0
204.86,600.11,0
173.29,629.04,1
-37.91,755.4,1
21.96,750.87,1
117.96,732.91,1
212.05,703.76,1
294.76,705.13,0
370.58,676.38,0
418.18,663.51,1
499.57,675.01,1
536.86,673.23,1
570.41,687.29,0
585.98,674.59,0
605.06,673.15,0
621.52,662.54,0
634.53,643.21,0
654.58,631.02,0
657.7,605,0
668.24,590.49,0
666.52,571.92,1
746.59,561.31,1
791.97,608.53,1
805.1,541.78,0
809.6,536.71,0
815.53,535.78,0
819.46,537.02,0
818.98,531.76,0
818.75,532.49,0
815.97,534.39,0
813.47,542.38,0
801.77,517.41,1
658.71,447.87,1
566.64,378.06,0
524.09,358.38,0
509.35,382.42,0
476.85,398.24,1
392,389.61,1
375.77,432.34,0
374.99,476.89,0
368.22,518.83,0
366.71,551.45,0
365.19,579.1,0
367.94,595.36,0
376.3,601.59,0
440.85,706.44,0
539.9,943.75,2
565.4,904.65,2
566.55,864.31,2
604.75,847.66,2
621.85,804.89,0
636.2,778.46,0
652.41,760.29,0
662.14,750.48,0
664.6,744.06,0
661.76,745.15,0
655.59,741.53,1
627.87,703.3,1
604.35,715.39,0
613.16,728.21,0
583.18,739.42,0
521.3,714.31,0
450.03,701.01,0
399.05,694.67,0
300.52,583.33,1
281.26,429.5,1
246.86,376.47,0
281.26,390.3,0
295.8,415.63,0
338.24,438.24,0
385.74,456.17,0
424.43,465.51,0
477.73,476.54,0
505.8,482.69,0
512.1,471.63,0
536.78,475.31,0
556.22,475.05,0
560.71,481.75,0
578.34,477.33,0
614.23,572.96,1
596.16,460.39,1
605.2,457.83,0
615.35,445.67,0
612.75,434.26,0
600.6,421.53,1
588.56,394.65,1
591.92,389.57,0
585.24,405.34,0
587.51,415.58,1
592.71,444.56,1
588.49,449.25,0
590.34,448.5,0
594.41,456.03,1
636.29,459.62,1
630.63,472.18,0
609.37,468.35,0
596.22,479.61,0
590.37,551.29,1
546.29,479.2,1
549.53,483.31,1
516.72,483.19,0
504.99,481.27,0
488.34,483.15,0
487.17,478.86,1
452.65,438.88,1
431.52,419.3,0
418.66,413.4,0
412.46,409.37,0
443.71,517.58,1
407.25,398.1,1
421.09,404.29,1
435.69,412.03,1
476.96,520.59,1
445.49,421.38,0
468.68,427.87,0
487.49,438.18,0
476.98,459.71,1
512.08,611.46,1
474.09,531.79,0
469.22,541.08,0
454.1,541.16,0
444.55,537.71,0
433.94,528.69,3
549.2,736.51,2
576.74,975.2,2
535.59,944.59,2
521.9,890.33,2
498.31,841.89,2
476.14,801.9,2
471.65,802.72,2
460.97,787.24,2
464.13,810.41,2
444.88,744.85,2
459.61,661.54,2
434.54,429.01,2
420.59,355.95,0
468.59,332.82,0
474.36,367.89,0
507.08,415.63,0
497.17,464.63,0
503.43,501.74,0
525.67,536.52,0
530.8,567,0
531.94,518.21,0
573.88,585.42,1
554.5,485.36,1
555.49,535.98,2
539.75,535.63,2
507.45,498.76,2
451.93,432.17,2
433.17,425.77,1
444.42,528.53,1
433.49,488.78,0
413.33,495.76,0
400.31,506.14,0
377.8,510.95,0
390.23,503.78,0
380.11,500.03,0
374.62,476.83,0
389.33,453.21,1
376.09,417.17,1
388.41,403.65,0
482.83,506.91,0
634.99,614.33,2
648.26,616.52,2
661.27,622.84,2
676.74,650.39,2
702.26,659,2
709.23,651.42,2
719.7,678.08,2
805.18,725.44,2
737.24,733.61,2
717.55,734.96,2
725.73,721.26,2
597.07,554.71,2
441.05,467.34,3
489.57,511.7,1
441.76,414.72,1
454.93,406.06,1
486.31,408.9,0
464.41,412.28,0
476.5,428.03,0
474.41,435.71,1
488.69,556.19,1
496.03,389.96,1
507.19,382.52,0
472.19,390.6,0
453.88,386.71,0
427.49,395.51,0
397.32,413.07,0
378.75,415.67,0
361.46,425.66,0
339.42,445.25,1
305.08,450.89,1
314.69,452.83,0
316.84,452.33,0
287.38,425.27,0
261.13,420.16,0
289.99,403.15,1
316.05,594.1,1
302.78,396.02,1
329.56,388.69,1
347.69,469.63,1
389.07,395.09,1
414.23,408.11,0
421.21,431.43,0
438.33,433.47,0
439.39,436.15,1
466.53,608.8,1
463.62,435.89,1
516.3,504.35,0
534.21,518.49,0
534.68,511.51,0
550.78,511.67,0
556.82,507.1,0
550.39,508.25,0
556.39,507.78,0
568.94,509.69,1
541.61,456.52,1
540.19,453.76,1
538.13,448.25,1
525.34,448.41,1
515.49,448.79,0
498.29,449.86,0
479.9,447.46,1
453.67,450.46,1
434.84,444.03,1
445.76,486.87,3
414.06,607.16,3
491.87,414.93,1
805.29,558.66,1
1021.76,674.13,1
1058.09,693.39,2
1046.67,699.76,2
1049.02,710.29,2
1007.29,739.65,2
2642.02,1512.76,2
1187.03,900.12,2
1251.9,973.39,2
1441.6,1340.72,2
1622.99,1468.15,2
1279.68,1255.94,2
1041.15,1150.48,2
819.19,927.83,2
658.51,759.1,2
656.83,708.53,2
649.64,760.05,2
576.8,687.84,2
485.62,617.22,0
494.39,616.17,0
511.66,617.96,0
551.56,611.48,0
543.78,586.72,1
265.04,510.01,1
48.01,454.79,1
64.28,415.89,1
217.47,388.62,1
363.32,384.88,1
484.32,401.66,0
554.04,400.5,0
596.88,411.21,0
627.36,421.45,0
655.06,433.68,1
755.12,445.2,1
805.67,446.33,0
813.04,445.19,0
815.17,445.03,0
790.07,443.66,0
783.37,434.77,0
776.65,435.26,0
756.68,438.38,1
719.37,448.46,1
696.96,468.46,0
678.52,468.71,0
650.49,475.61,0
604.15,486.58,0
571.14,505.81,0
543.2,513.63,0
551.13,489.39,0
541.49,501.27,0
508.85,498.14,0
497.6,496.67,0
492.16,499.75,0
494.73,494.79,0
485.64,494.88,0
486.1,505.07,1
500.76,508.84,1
506.28,514.28,1
524.14,509.33,1
550.43,580.87,1
523.96,512.13,1
505.8,527.78,0
498.12,536.73,0
497.53,528.8,0
495.77,521.87,0
497.92,522.4,0
495.21,524.6,0
494.78,524.23,0
493.87,537.06,1
505.19,589.71,1
485.11,545.52,1
506.12,618.96,1
501.85,590.05,0
480.98,544.67,0
484.09,538.48,1
460.36,467.73,1
450.36,464.88,0
446.93,459.71,0
439.86,447.05,1
465.05,441.49,1
479.56,440.24,0
480.09,429.35,0
479.09,412.09,0
480.24,410.31,0
479.72,404.61,0
494.84,399.07,1
472.86,402.65,1
470.17,403.34,1
488.7,401.04,1
490.97,484.56,1
491.22,482.03,0
495.7,482.1,0
507.6,480.35,0
514.05,475.38,0
511.3,475.81,1
551.12,503.88,1
563.95,492.61,0
584.86,488.86,0
585.68,489.64,0
591.55,485.21,1
605.69,494.6,1
601.48,508.97,1
603.32,513.86,1
578.81,513.56,1
573.09,527.02,0
557.59,523.51,0
550.96,532.22,0
548.01,532.66,1
555.62,596.11,1
538.41,546.76,0
535.52,536.82,0
518.77,530.16,0
513.2,507.62,0
540.05,523.05,1
507.72,410.72,1
482.61,357.02,0
462.47,314.49,0
448.78,351.57,1
475.68,528.48,1
472.93,531.68,1
470.92,412.94,1
476.85,327.05,0
491.9,319.81,0
499.71,353.71,0
520.69,398.18,0
533.7,420.59,0
534.28,436.85,0
547.12,482.82,1
501.59,412.47,1
537.21,416.4,1
532.65,398.28,1
561.85,552.92,1
589.35,656.16,0
569.42,610.98,0
580.44,629.41,2
577.73,625.39,2
582.58,638.77,2
704.52,886.23,2
722.36,938.77,2
712.42,918.38,2
700.27,883.8,2
686.68,868.75,2
681.09,857.67,2
789.67,940.43,2
756.38,910.42,2
717.68,895.52,2
677.75,897.15,2
637.56,905.72,2
625.16,906.04,2
594.7,893.34,2
604.61,887.21,2
596.77,871.15,2
588.99,870.9,2
576.1,874.32,2
555.56,856.27,0
569.28,855.42,0
587.71,849.24,0
586.74,865.47,0
584.31,862.11,0
564.63,836.98,1
496.8,741.5,1
473.73,670.19,0
461.04,647.85,0
498,662.97,0
470.22,645.28,0
473.32,638.58,0
533.31,569.56,1
516.66,470.8,1
499.81,454.08,0
503.1,451.06,0
489.57,464.03,1
367.09,375.6,1
292.2,336.89,0
328.66,302.48,0
246.56,281.59,1
337.77,206.79,1
294.2,272.04,1
389.09,251.83,3
397.94,393.13,1
455.56,214.84,1
472.13,371.2,1
510.79,231.9,0
522.83,240.42,0
528.72,225.33,0
531.39,225.25,1
571.13,299.61,1
573.26,302.31,0
584.86,330.69,0
575.08,366.69,1
584.11,191.86,1
568.62,207.62,1
561.89,191.25,3
495.89,198.22,3
NaN,NaN,3
179.45,366.65,3
-27.76,282.01,0
-63.32,243.69,0
-23.59,260.76,0
5.48,267.15,0
98.9,335.99,1
-12.74,183.55,1
136.86,217.46,1
-56.49,107.72,1
90.28,116.45,1
148.24,138.91,0
148.24,138.91,0
148.24,138.91,0
148.24,138.91,1
230.26,330.98,1
234.63,327.89,1
123.98,129.36,1
126.25,126.09,0
172.73,98.56,0
178.87,99.66,0
34.24,170.25,1
240.15,306.65,1
628.52,226.66,1
930.02,429.9,0
878.31,352.7,0
835.18,335.05,0
776.54,314.36,0
666.73,342.54,0
545.59,360.82,1
439.58,430.3,1
364.3,464.5,1
280.46,500.52,1
289.25,546.87,0
318.59,563.99,0
307.45,497.04,0
315.67,492.09,0
301.73,499.03,0
322.45,428.54,1
351.56,639.04,1
371.57,417.69,1
412.13,447.65,1
433.55,490.27,1
473.59,629.67,1
465.99,556.99,1
462.71,583.29,2
493.82,596.12,2
811.47,621.39,2
1154.63,682.01,2
1056.51,657.31,2
1046.25,515.54,2
1183.17,611.88,2
1279.75,599.38,2
1323.72,587.73,2
1257.82,595.79,2
1168.62,590.69,2
1566.45,667.59,2
1106.72,507.79,2
1128.88,530.05,2
-149.78,441,2
709.93,566.37,2
424.88,540.98,2
125.6,445.3,2
247.26,494.73,2
332.56,453.03,0
409.85,444.25,0
390.14,414.46,1
471.91,418.38,1
540.7,424.97,0
593.87,449.33,0
639.7,473.79,0
657.09,499.53,0
664.2,505.93,0
665.33,519.17,0
655.39,518.77,1
610.63,503.08,1
581.8,505.43,0
558.59,506.92,0
539.08,509.21,0
526.62,511.62,0
525.41,509.41,0
513.15,511.81,1
589.26,587.57,1
562.16,588.96,0
565.93,592.51,0
556.3,585.51,0
536.74,602.35,0
524.37,602.14,0
526.87,611.1,0
521.8,685.24,2
479.24,629.67,2
484.98,606.89,2
564.94,589.81,2
NaN,NaN,2
577.9,591.17,2
519.74,604.71,2
474.36,632.38,2
485.85,612.38,2
519.29,598.08,2
503.86,744.18,2
486.94,625.87,0
507.81,660.56,0
492.2,621.63,0
506.59,624.39,0
508.89,616.41,0
525.93,634.81,2
520.5,614.72,2
519.27,621.34,2
525.25,622.65,2
525.64,643.21,2
551.67,632.49,2
1028.54,945.53,2
526.83,794.6,2
533.92,613.27,2
545.95,648.63,2
550.97,652.68,2
551.79,657.23,2
556.61,655.99,0
559.27,659.6,0
557.1,658.83,0
558.18,654.62,0
559.52,655.58,0
559.82,657.76,0
558.61,657.18,0
559.86,651.77,1
557.59,598.68,1
563.05,582.53,0
557.55,578.8,0
548.47,577.08,0
550.73,568.55,0
545.82,571.85,1
556.1,566.88,1
560.74,570.18,0
556.77,568.56,0
555.44,570.63,0
552.7,573.41,0
545.3,573.91,1
548.89,562.15,1
542.93,564.49,1
547.44,559.09,0
543.57,560.6,0
540.4,557.95,0
536.9,559.11,0
535.62,554.49,1
525.67,561.33,1
523.41,559.04,0
518.42,557.06,0
515.93,555.03,0
509.66,557.56,1
515.35,549.72,1
512.13,543.41,0
522.94,536,0
564.74,529.11,1
832.31,574.41,1
971.94,581.38,0
946.83,567.55,0
924.98,561.02,0
918.84,564.72,0
886.34,563.77,1
795.22,626.08,1
763.17,541.82,1
772.73,553.89,1
892.68,611.56,1
909.12,609.52,1
846.69,577.57,1
926.57,597.76,1
1001.14,623.38,0
1001.07,618.05,0
1027.58,623.44,0
1000.48,627.48,0
1008.57,625.54,0
1002.1,627.45,0
1002.65,633.52,0
1017.97,642.5,0
1025.45,649.79,1
1042.71,663.25,1
1037.7,656.4,0
1041.37,656.44,0
1055.21,651.53,1
1105.14,584.79,1
1117.22,583.74,0
1108.46,575.88,0
1107.43,569.96,0
1106.74,560.37,1
998.05,436.06,1
907.51,357.6,1
892.47,331.74,2
833.91,271.19,2
831.8,173.2,2
760.22,206.2,2
776.82,188.17,2
687.42,192.16,2
767.36,257.64,2
870.44,169.2,2
806.58,181.87,2
570.61,357.02,2
464.19,477.83,2
518.47,505.75,1
605.3,500.14,1
658.66,521.81,1
639.13,563.17,0
667.07,548.86,0
654.35,524.53,0
630.97,506.7,0
618.57,497.86,0
620.17,496.27,0
633.98,499.46,1
624.83,518.29,1
617.35,530.2,0
611.05,536.43,0
614.61,593.44,0
600.2,598.5,0
588.19,603.48,0
582.52,600.87,0
572.63,602.94,0
571.77,599.67,0
570.77,594.21,0
564.4,594.77,0
564.84,587.24,0
563.34,587.79,0
561.95,584.61,0
559.42,586.73,0
557.87,586.84,0
560.16,585.04,0
555.89,582.83,1
553.08,591.06,1
553.39,592.74,0
559.6,593.73,0
566.57,590.11,0
562.31,596.26,1
571.93,592.04,1
571.08,598.87,1
577.94,595.99,0
578.12,596.53,0
575.69,599.67,0
585.6,594.65,1
596.73,588.88,1
603.56,594.61,1
611.11,594.79,1
620.6,590.63,1
621.88,591.6,0
600.86,564.2,0
567.83,521.48,0
552.41,517.48,0
527.26,542.76,1
462.27,536.33,1
399.15,533.01,1
346.28,534.48,0
330.02,518.09,0
312.61,511.74,0
297.13,501.17,0
321.02,495.64,1
386.77,507.26,1
431.55,504.95,1
477.31,511.27,0
514.6,511.13,0
537.92,505.34,0
548.75,503.8,0
564.46,500.03,0
560.87,498.5,0
563.18,500.65,1
580.35,497.36,1
583.42,504.2,0
594.13,508.81,0
582.32,513.96,0
586.35,515.56,0
596.17,517.28,0
595.36,513.48,2
598.72,508.01,2
597.32,509.82,2
547.26,460.18,2
551.02,355.17,2
445.46,612.15,2
368.97,677.67,2
404.16,735.38,2
418.55,724.92,2
403.79,726.38,2
404.42,734.18,1
422.96,840.01,1
435.96,881.84,1
437.69,1095.78,1
474.18,882.68,1
490.83,874.52,1
523.89,882.33,0
514.36,858.37,0
528.85,842.86,0
535.53,841.21,2
535.05,834.35,2
538.86,836.19,2
538.4,834.76,2
539.28,888.07,0
538.8,888.36,0
537.41,854.71,1
617.31,755.32,1
647.63,677.37,0
628.94,667.56,0
612.7,663.75,0
599.8,649.08,1
552.35,542.02,1
514.29,530.79,0
495.19,530.08,0
491.31,554.53,1
447.71,519,1
448.16,519.9,1
467.02,530.15,1
407.25,477.97,1
407.78,476.57,0
427.34,476.18,0
438.55,478.39,0
444.6,477.11,1
458.22,474.37,1
460.01,474.92,0
464.86,472.39,0
475.76,461.51,0
480.47,449.24,0
486.73,425.83,0
485.49,390.5,0
493.83,343.42,1
494.17,291.01,1
515.07,223.4,1
524.71,191.3,0
532.04,186.95,0
534.02,207.96,1
528.63,272.91,1
538.68,320.62,0
548.24,388.6,0
561.58,445.39,0
557.62,475.16,0
560.25,489.86,0
546.21,495.83,0
570.32,517.28,1
541.62,466.22,1
562.27,435.33,0
560.87,430.67,0
559.66,421.78,0
558.95,422.66,0
553,436.62,0
561.35,449.53,0
560.38,468.71,0
550.4,482.17,0
558.54,490,0
548.76,488.28,0
551.72,491.42,0
555.13,483.28,0
558.51,481.72,0
561.75,480.17,1
550.69,484.59,1
557.51,478.33,1
490.46,477.25,1
499.9,473.63,0
500.17,476.82,0
496.83,479.77,0
662.81,459.67,1
927.46,485.69,1
932.26,493.41,0
914.48,488.59,0
910.8,492.83,1
895.01,483.31,1
606.96,480.08,1
392.73,532.32,0
403.04,545.75,0
417.78,544.6,0
429.13,541.21,0
435.06,549.64,1
455.35,600.97,1
453.39,599.84,1
442.21,543.32,0
451.78,555.9,0
461.2,548.72,0
467.33,561.43,0
477.39,559.62,0
485.7,563.76,0
492.38,567.74,0
506.08,568.32,1
520.72,571.57,1
522.72,572.04,0
527.71,573.07,0
529.35,568.91,0
531.48,555.16,0
518.02,530.11,1
464.01,454.1,1
361.85,453.95,1
281.59,515.6,0
302.46,498.03,0
277.61,491.31,0
352.4,493.81,1
529.28,538.08,1
562.44,535.97,0
570.84,539.89,0
552.71,541.75,0
537.26,534.25,0
517.17,597.91,1
569.53,727.89,1
599.79,744.75,1
616.68,746.92,0
618.53,742.51,0
614.41,729.68,0
602.98,723.57,0
600.7,719.3,1
588.45,715.88,1
587.68,712.52,1
564.98,722.99,0
565.52,725.62,0
576.1,719.61,0
586.36,715.28,0
583.8,714.2,0
567.3,710.9,1
424,746.86,1
341.71,777.22,1
391.5,764.83,1
469.4,758.96,1
541.77,758.05,1
614.13,789.98,1
655.52,805.76,1
680.63,807.17,3
698.86,804.97,1
932,640.08,1
898.85,520.91,0
927.29,513.02,0
905.59,500.77,0
848.05,490.26,0
793.79,488.43,0
757.55,486.52,0
707.25,457.71,0
648.58,464.69,0
596.86,473.09,0
564.65,480.44,0
547.46,483.99,0
518.82,489.14,0
513.81,491.74,0
515.5,501.4,0
510.13,513.51,1
524.2,566.25,1
555.3,537.14,0
557.75,540.39,0
557.78,551.99,0
570.56,543.38,0
574.59,543.08,1
591.37,536.98,1
585.2,525.78,0
601.41,501.5,0
587.34,483.58,0
594.84,466.07,1
615.63,445.25,1
609.67,427.95,0
584.67,428.09,0
598.41,405.45,0
605.62,394.93,0
604.83,405.9,0
595.71,432.72,0
587.28,464.46,0
581.38,509.44,1
560.81,557.39,1
554.93,593.86,0
544.57,612.62,0
537.67,641.91,0
528.84,659.49,0
521.79,676.83,0
516.82,676.85,0
512.05,679.83,1
515,664.86,1
512.44,655.54,1
503.85,631.78,0
504.2,625.72,0
501.81,606.73,0
503.77,604.08,0
508.22,599.1,0
512.86,590.79,0
509.78,598.16,1
536.45,648.74,1
538.35,645.73,0
536.97,639.95,0
535.17,630.32,1
552.97,629.7,1
553,625.67,0
549.34,622.5,0
548.81,622.36,0
544.19,621.65,1
554.57,615.57,1
543.31,618.28,0
542.61,618.37,0
544.04,610.96,0
542.15,613.04,0
528.39,566.27,1
521.65,515.4,1
530.26,505.9,1
791.77,451.72,1
1032.06,447.78,0
1083.32,438.59,0
1089.51,413.91,0
1107.32,428.72,2
1063.86,382.3,2
1128.99,240.14,2
1164.15,471.06,2
1023.65,396.89,2
1151.15,356.05,2
1043.71,421.9,2
1047.56,425.61,2
1085.9,438.3,2
761.78,483.19,2
594.35,568.9,2
607.94,550.44,2
574.14,562.68,2
622.58,560.31,2
604.77,561.88,2
600.82,561.6,2
601.31,553.48,0
599.85,562.35,0
599.17,560.86,0
591.38,549.63,0
587.32,554.63,0
587.34,550.94,0
581.16,548.33,0
587.35,542.98,1
566.64,588.23,1
554.55,603.59,0
555.47,603.48,0
556.26,608.48,0
557.78,604.65,0
559.23,604.38,0
561.07,599.31,1
561.52,606.47,1
566.47,602.65,1
656.17,515.89,1
726.92,471.5,0
749.56,451.85,0
774.62,443.03,0
758.75,451.38,0
738.44,457.24,0
723.58,467.13,1
803.03,459.96,1
858.73,469.79,0
868.71,498.55,0
864.87,477.28,1
934.75,529.53,1
980.69,536.08,1
987.09,499.95,1
807.41,520.78,1
822.75,499.85,0
809.83,476.91,0
774.08,450.11,0
698.12,424.5,1
597.67,407.36,1
553.44,403.7,0
518.57,404.27,0
514.35,411.8,0
530.79,433.89,1
514.32,466.71,1
517.56,502.35,0
513.08,545.43,0
522.98,609.79,1
530.45,684.32,1
531.83,721.57,1
536.51,756.6,0
538.09,770.22,0
550.16,791.15,0
543.85,777.57,0
545.49,786.18,0
539.18,783.18,0
560.75,758.67,1
568.35,724.87,1
570.21,720.18,0
568.46,721.29,0
572.64,713,0
573.14,711.71,0
579.45,715.54,1
573.22,695.07,1
566.34,683.82,0
566.3,674.44,0
561.86,630.69,0
702.35,668.37,1
961.31,793.24,1
1125.85,869.98,0
1118.1,819,0
1105.8,772.15,0
1096.91,741.26,0
1072.46,711.72,0
1041.87,702.79,0
1063.97,710.19,1
1006.89,727.46,1
1009.75,722.23,0
1010.1,713.51,0
956.05,719.05,0
944.3,704.68,0
910.46,700.92,0
912.76,700.53,1
847.55,692.21,1
889.67,702.34,0
881.45,704.52,0
886.54,701.12,0
852.49,691.72,2
849.21,691.19,2
855.47,700.35,2
747.72,817.6,2
677.57,603.2,0
345.93,507.28,0
229.67,488.73,0
267.33,495.15,1
360.2,496.02,1
430.11,513.51,0
452.64,536.99,0
477.07,544.68,0
480.85,545.62,0
518.19,577.28,2
528.05,568.15,2
545.54,567.73,2
543.91,552.31,2
573.38,564.17,2
581.12,564.31,2
578.89,557.93,2
NaN,NaN,2
545.27,440.64,2
617.14,506.18,2
587.68,543.4,2
587.18,547.63,2
602.84,538.26,2
603.95,548.87,2
605.02,539.06,0
603.99,545.01,0
603.48,548.78,0
600.46,532.46,2
597.78,540.54,2
593.6,547.66,2
870.36,645.6,2
1169.57,752.65,2
1160.9,742.88,2
1197.07,752.22,2
1197.58,754.05,2
1231.16,772.41,2
1239.58,786.98,2
1187.14,775.94,0
1187.87,775.73,0
1123.75,743.36,0
1142.18,756.78,0
1131.59,757.14,0
1159.99,775.94,0
1156.89,783.82,0
1157.13,793.56,0
1140.83,784.68,0
1121.02,778.43,0
1106.79,774.87,0
1100.27,788.24,0
1097.2,783.62,0
1079.74,792.53,3
669.39,572.1,2
441.25,544.45,2
461.47,524.34,2
475.02,528.58,2
1588.1,311.51,2
479.44,517.35,2
480.03,516.27,2
485.15,515.31,2
490.18,510.66,2
519.41,499.66,0
536.43,483.31,0
559.23,471.71,1
630.73,464.32,1
653.87,461.96,1
654.15,450.94,1
576.04,445.07,1
530.6,446.41,0
510.84,447.83,0
527.44,450.34,1
565.69,460.9,1
561.44,456.21,0
566.04,462.37,0
549.97,470.27,1
528.88,474.89,1
538.81,468.2,0
509.71,474.65,0
492.31,475.12,1
527.99,565.12,1
518.45,570.46,0
508,581.17,0
507.27,572.99,0
503.68,557.18,0
534.53,606.32,1
492.04,553.3,1
496.32,542.87,1
472.59,550.98,2
461.83,543.74,2
463.76,543.74,2
659.68,587.35,2
927.44,708.9,2
1167.95,844.89,2
1168.22,872.5,2
1084.44,782.06,2
1046.41,811.46,0
1013.55,793.87,0
1027.03,762.99,0
1010.8,785.2,2
1014.95,825.4,2
763.31,816.01,2
899.77,750.47,2
852.21,730.82,2
853.01,712.94,2
757.73,810.23,2
754.83,807.18,2
753.61,808.41,2
829.61,693.22,2
600.92,585.38,2
344.39,532.14,2
342.88,532.44,2
344.85,471.43,2
336.07,438.89,2
423.54,481.37,2
468.75,496.2,2
468.45,474.42,2
475.58,434.64,2
520.74,420.66,2
591.98,470.78,0
630.97,446.98,0
668.82,467.2,0
702.06,459.66,0
740.49,462.51,0
750.23,458.96,0
782.24,457.16,0
767.86,508.9,1
832.2,466.22,1
873.8,481.08,1
896.53,494.49,1
688.46,416.07,1
500.36,487.09,0
516.34,477.79,0
539.81,519.51,0
548.07,535.09,0
550.27,507.6,0
556.69,504.29,0
563.07,486.79,1
445.32,454.49,1
418.44,418.21,2
408.85,438.37,2
390.56,450.72,2
441.42,473.02,2
709.83,480.56,2
731.29,488.39,2
790.63,488.57,2
767.37,480.57,2
790.73,479.93,2
860.97,500.49,2
828.19,503.88,2
814.99,502.42,0
817.83,504.48,0
801.89,509.97,0
787.59,521.49,0
802.61,534.11,0
792.51,519.89,0
785.98,522.5,0
773.78,506.61,0
777.21,504.97,0
763.9,500.9,1
773.7,522.55,1
775.17,531.43,1
764.14,512.64,2
742.65,500.26,2
674.04,458.66,2
649.88,466.41,2
577.52,481.71,2
603,494.95,2
597.71,502.32,2
580.75,502.47,2
573.45,496.21,2
555.31,499.82,2
462.17,438.54,0
280.05,408.14,0
175.31,411.74,0
165.6,393.25,1
261.86,383.3,1
335.4,414.55,0
358.03,417.32,0
335.75,436.94,0
329.94,428.56,0
388.72,439.49,1
477.44,533.18,1
454.79,454.08,0
508.95,461.38,0
523.97,475.34,1
581.45,526.45,1
584.68,488.22,0
600.68,509.7,0
609.5,512.85,0
611.61,516.53,0
610.07,497.52,0
620.21,515.49,2
619.52,444.42,2
615.68,486.47,2
633.44,536.47,2
636.74,526.59,2
635.17,469.29,0
580.88,468.08,0
573.15,512.15,2
541.17,411.2,2
540.46,399.48,2
567.16,416.07,2
657.88,467.25,2
876.47,552.4,2
1182.45,661.32,2
1035.14,503.15,2
1174.5,689.03,2
1040.33,673.5,2
924.9,706.53,2
895.28,708.34,2
935.54,758.05,2
977.27,767.25,2
711.2,584.65,2
489.58,478.51,2
469.49,474.62,2
498.73,455.42,2
476.91,411.94,2
520.09,380.31,2
577.21,397.7,1
647.07,437.46,1
688.92,416.86,1
731.96,450.91,0
749.54,466.61,0
755.73,470.23,0
751.57,480.97,0
767.12,488.62,0
787.25,492.14,1
757.69,469.24,1
737.38,458.51,0
716.94,450.08,0
696.1,442.11,1
667.01,448.5,1
646.13,440.87,0
633.89,440.27,0
616.96,446.41,0
603.96,467.34,0
589.96,475.67,0
575.32,477.4,1
579.51,500.36,1
565.24,514.61,0
587.73,553.09,0
538.34,526.16,0
573.7,546.58,0
566.23,543.64,0
533.59,503.32,0
527.26,506.2,0
519.87,505.75,1
556.06,551.61,1
553.01,547.86,0
511.32,510.86,0
512.65,508,0
511.29,508.99,2
512.72,496.93,2
512.65,480.71,2
769.61,611.3,2
970.52,812.88,2
971.56,717.04,2
993.93,716.24,2
999.36,707.82,2
982.07,687.78,2
1312.82,960.01,2
1254.43,982.74,2
1164.97,933.51,2
1066.76,851.01,2
1093.64,899.35,2
1042.27,841.37,0
1048.8,838.76,0
1034.36,820.84,0
1034.42,799.28,2
1016.03,799.76,2
608.29,592.09,2
332.16,447.87,2
274.38,476.79,2
325.58,389.18,2
411.84,452.77,2
479.19,487.13,2
470.09,491.92,2
532,563.83,2
542.08,580.65,2
542.05,589.72,2
576.86,581.44,2
596.36,577.73,2
657.49,592.01,2
653.2,591.09,2
627.91,582.83,2
649.98,542.57,2
627.52,557.3,2
659.78,530.61,2
636.75,508.32,2
631.06,502.47,0
628.19,495.78,0
624.68,485.6,0
627.22,483.71,0
627.34,487.54,1
628.28,505.33,1
623.88,514.4,0
622.5,525.06,0
623.6,528.05,0
625.59,522.52,1
624.49,489.86,1
624.24,490.14,0
623.28,491.87,0
618.66,507.32,0
602.43,504.1,0
602.35,534.48,2
590.05,552.11,2
589.33,545.37,2
583.3,537.4,2
579.15,532.53,2
570.81,511.64,0
591.75,497.9,0
579.81,486.77,0
595.59,505.71,0
587.7,516.82,1
568.95,472.73,1
564.73,478.49,0
533.75,469.15,0
527.61,469.35,0
520.62,471.14,0
523.02,469.24,0
556.07,506.55,1
495.4,486.89,1
547.05,527.05,1
495.33,492.85,1
505.92,578.88,1
493.93,514.35,1
521.26,586.55,1
495.17,520.95,0
517.98,565.57,0
489.14,521.25,0
487.37,529.89,0
496.62,545.41,0
497.96,545.8,0
510.98,582,2
510.81,580.18,2
504.59,579.9,2
495.62,490.78,0
495.8,528.84,0
466.03,473.61,0
465.06,479.33,0
445.86,486.79,0
450.92,485.82,0
450.65,491.23,1
494.7,526.69,1
492.13,512.24,1
680.13,641.31,3
981.28,858.2,2
1031.31,938.27,2
1158.59,1061.84,2
1118.22,992.9,0
1092.08,918.74,0
1014.28,844.73,1
729.69,694.57,1
629.51,634.58,0
684.87,728.86,0
701.1,816.72,0
709.53,878.09,1
717.52,1017.68,1
699.17,1008.73,1
671.01,847.89,1
656.93,822.78,0
645.52,757.69,0
645.97,710.4,0
646.05,702.87,0
658.53,710.46,1
490.48,658.08,1
450.38,651.11,1
466.56,642.27,1
411.33,563.15,1
441.48,539.07,1
459.05,516.98,3
469.67,639.52,1
480.27,445.13,1
520.75,419.54,0
556.67,411.52,0
585.83,410.35,1
621.62,429.67,1
635.04,425.04,0
655.05,443.54,0
677.47,464.6,1
709.97,452.66,1
729.89,456.01,0
721.34,466.98,0
729.57,447.99,0
763.58,415.2,1
777.29,386.35,1
565.51,516.31,1
525.44,677.48,2
540.89,775.7,2
581.19,762.25,2
612.84,705.89,2
625.56,644.68,2
651.66,601.25,2
659.21,556,0
647.98,574.78,0
633.13,592.18,0
633.52,586.45,1
837.51,536.22,1
954,467.62,1
892.03,401.78,1
700.97,397.61,1
519.99,418.03,0
377.07,415.83,0
320.57,387.83,1
210.74,344.17,1
225.87,234.45,0
233.54,217.15,0
254.86,219.72,0
260.47,245.19,1
278.34,272.22,1
303.83,307.96,1
326.11,320.36,1
340.51,388.07,0
392.91,399.5,0
413.99,416.6,0
419.78,414.42,0
443.8,418.87,0
467.35,443.49,0
484.01,470.69,1
468.41,507.24,1
488.7,537.08,0
514.01,571.48,0
530.68,591.67,2
538.49,586.98,2
547.86,576.77,2
553.81,574.36,2
559.67,565.72,2
564.34,607.2,2
562.32,652.92,2
562.41,649.46,2
527.32,636.34,2
568.75,635.85,2
577.17,617.83,2
576.94,623.39,2
621.91,574.22,2
716.7,625.42,2
502.32,527.34,2
447.19,525.99,2
428.52,528.85,2
426.63,510.28,2
430.98,508.81,0
424.58,511,0
412.74,507.84,0
401.29,504.58,0
422.74,567.71,1
418.21,495.73,1
453.83,526.63,0
462.95,536.84,0
514.51,601.81,2
522.99,647.89,2
524.16,625.76,2
536.39,649.33,2
549.41,641.04,2
551.2,635.47,2
532.74,597.05,2
545.68,600.37,2
549.48,585.03,2
560.97,618.5,2
554.63,615.47,2
544.62,595.42,2
543.34,589.44,2
545.68,584.6,2
546.27,565.83,2
548.72,562.98,2
517.36,557.6,2
555.83,562.06,2
526.53,557.75,2
557.59,558.95,2
578.97,557.88,2
794.44,694.04,2
1252.17,862.69,2
1307.07,849.68,2
1062.02,758.05,2
1026.16,719.68,2
993.36,729.27,2
1005.55,696.83,0
960.6,644.79,0
933.84,710.99,0
957.28,673.99,0
975.13,735.77,1
964.51,834.04,1
961.19,840.29,1
898.59,807.31,0
919.05,820.81,0
917.68,812.01,0
938.85,823.78,0
939.34,823.2,2
946.99,812.71,2
946,825.42,2
893.75,968.33,2
963.12,697.39,2
878.06,540.91,2
886.56,494.04,2
875.21,498.25,2
856.09,492.42,2
826.16,421.16,0
796.21,404.47,0
795.62,419.52,0
806.53,435.83,2
808.68,448.76,2
799.19,457.72,2
812.35,469.07,2
792.89,460.81,2
893,457.64,2
868.92,472.89,2
863.99,469.36,2
860.77,447.6,2
857.8,450.24,1
575.84,461.63,1
419.75,516.06,0
426.37,526.04,0
433.65,530.73,0
449.24,532.81,0
459.88,528.35,0
463.93,519.49,0
463.34,519.99,0
467.75,522.18,2
471.12,519.33,2
475.63,514.72,2
512.96,511.36,2
589.67,495.04,2
514.73,454.1,2
485.85,474.74,2
481.84,486.17,2
491.2,503.24,2
503.55,504.01,0
506.23,505.85,0
507,504.14,0
506.12,508.96,1
493.67,517.35,1
479.92,515.45,0
489.86,530.53,0
446.74,517.08,1
487.4,560.06,1
463.42,513.59,0
429.7,525.34,0
444.59,496.12,0
346.14,586.32,1
306.54,751.46,1
383.81,861.55,2
384.07,771.15,2
422.03,724.96,2
444.26,692.39,2
573.22,775.18,2
699.88,841.84,2
677.68,846.68,2
667.89,846.51,2
634.04,842.4,2
614.46,837.14,2
657.05,885.49,2
876.48,831.4,2
714.3,954.84,2
727.47,904.14,2
719.02,890.7,2
673.67,879.3,2
678.29,878.44,2
660.86,746.81,0
572.24,576.55,0
422.86,485.05,1
262.85,405.81,1
276.69,429.86,1
377.51,405.34,1
386.63,435.9,0
380.12,445.05,0
390.95,455.14,0
412.06,497.79,1
459.25,577.12,1
420.65,556.79,1
494.38,594.92,1
503.79,608.75,0
474.7,547.46,0
478.43,537.84,1
535.53,604.41,1
803.94,495.97,1
834.24,518.41,1
803.47,497.39,1
720.78,508.19,1
648.65,502.78,0
605.51,498.26,0
574.01,530.22,1
552.42,461.23,1
503.46,469.84,0
470.21,473.54,0
388.63,468.39,1
175.56,459.21,1
155.88,411.67,1
189.47,413.3,0
180.58,393.77,0
188.58,405.27,0
171.81,386.84,1
226.03,309.62,1
266.2,317.8,0
328.79,352.98,0
359.63,408.97,1
419.87,482.53,1
469.16,562.26,0
533.9,603.4,0
584.04,642.38,2
617.91,661.52,2
690.62,728.32,2
680.64,684.87,0
699.46,689.96,0
718.11,634.5,0
846.13,765.64,2
790.97,508.13,2
749.75,680.87,2
752.34,673.38,0
744.53,652.54,0
746.96,648.09,0
723.06,639.73,0
720.76,633.3,1
638.74,600.68,1
651.28,572.65,0
619.01,556.95,0
600.9,539.7,0
562.36,526.39,0
531.27,516.35,2
525.03,547.37,2
519.61,497.44,2
802.28,656.29,2
857.9,726.05,2
944.5,785.14,2
895.25,732.76,2
840.2,735.38,2
784.21,688.73,2
740.96,676.74,2
685.64,632.81,2
636.45,621.15,2
599.44,614.8,2
606.17,562.82,2
609.77,605.9,2
634.15,561.46,2
712.84,619.67,2
752.68,661.06,2
805.24,658,2
805.75,714.04,2
685.72,611.68,2
542.65,561.05,2
528.81,501.29,2
510.66,444.38,2
557.41,412.17,2
576.83,413.02,2
600.15,427.36,0
613.56,444.63,0
647.11,432.58,0
664.9,452.79,0
683.04,482.96,0
690.87,485.32,0
691.3,498.03,0
689.48,486.8,0
671.45,512.16,0
678.1,475.48,1
669.49,429.91,1
666.39,446.32,1
653.09,457.32,0
645.87,457.26,0
640.94,460.56,0
633.44,471.41,0
623.64,466.1,0
608.41,464.64,1
590.48,449.64,1
580.9,449.31,0
565.45,423.76,0
557.92,460.25,1
540.67,411.99,1
538.23,416.14,0
521.29,406.93,0
514.93,404.29,1
557.64,439.85,1
559.91,477.72,0
542.33,427.09,0
552.18,455.11,0
548.92,456.22,0
517.46,411.55,1
551.71,476.79,1
548.53,474.39,0
521.21,426.37,0
537.57,437.5,0
509.33,409.1,0
507.43,407.2,0
545.04,469.83,2
535.6,418.15,2
542.55,433.27,2
442.58,351.52,2
452.62,318.73,2
497.66,273.5,2
533.45,327.24,2
536.49,348.66,2
598.79,320.21,2
761.04,309.9,2
823.65,368.93,2
853.04,266.99,2
897.78,326.71,2
923.42,184.29,2
802.25,629.27,2
772.13,319.45,2
785.33,404.28,2
737.36,406.56,2
694.38,444.96,0
669.31,487.67,0
655.08,512.09,1
680.43,694.22,1
740.16,756.44,1
695.53,719.32,0
686.71,676.53,0
674.01,653.83,0
671.13,644.61,0
681.51,664.27,0
625.54,659.19,2
631.89,637.35,2
616.05,637.8,2
611.73,647.25,0
609.55,645.44,0
622.94,658.6,2
673.86,686.72,2
653.57,650.86,2
632.9,654.23,2
643.59,723.44,2
999.25,853.58,2
920.68,845.86,2
812.76,733.9,2
872.76,717.33,2
788.83,713.77,2
779.08,681.78,2
830.51,684.25,0
869.33,740.42,0
753.24,703.25,1
550.43,541.95,1
402.03,430.35,0
369.29,336.46,0
399.79,295.05,0
498.67,277.88,1
578.17,411.36,1
590.09,314.29,1
620.19,356.53,0
627.11,379.4,0
630.68,395.49,0
620.96,401.99,0
611.21,406.88,2
597.15,435.07,2
589.42,400.96,2
638.24,435.84,2
NaN,NaN,2
652.66,379,2
615.65,406.86,2
601.29,416.38,2
594.65,426.17,2
580.28,439.9,0
577.29,450.18,0
587.45,478.38,0
577.6,440.93,0
578.54,436.89,0
579.25,429.77,0
575.03,424.21,2
511.38,614.26,2
638.1,892.4,2
632.03,1212.28,2
482.87,1142.85,2
370.24,1077.28,2
553.89,703.99,2
NaN,NaN,2
NaN,NaN,2
272.25,1098.48,2
420.73,692.5,2
395.45,1014.23,2
NaN,NaN,2
413.57,884.63,2
374.26,1150.5,2
355.12,1092.19,2
272.27,914.8,2
352.39,1081.88,2
405.14,914.41,2
530.2,773.14,2
649,392.24,2
NaN,NaN,2
417.45,343.72,2
526.13,486.98,2
515.9,596.84,2
508.53,614.4,2
502.82,652.79,0
514.42,668.43,0
525.24,666.53,1
527.62,711.54,1
517.51,669.76,1
522.35,715.36,2
522.77,688.48,2
537.7,697.52,2
544.81,686.04,2
554.05,674.64,2
549.13,648.82,2
540.44,605.15,2
539.1,587.66,2
544.01,524.81,0
502.39,428.94,0
437.07,352.78,0
398.37,429.46,1
379.82,283.4,1
366.58,253.1,0
356.3,261.47,0
376.16,300.95,1
404.45,372.42,1
422.89,441.02,1
427.7,524.78,1
466.8,576.16,0
447.3,555.99,0
460.67,548.69,0
483.07,546.19,0
525.82,605.45,2
535.04,579.04,2
543.45,588.06,2
548.2,565.45,2
554.99,564.73,2
555.67,575.6,2
559.91,581.08,2
478.79,613.68,2
552.5,581.4,2
548.15,580.37,2
540.93,575.04,2
531.9,581.84,2
529.67,586.57,2
511.16,600.7,2
515.2,593.74,2
505.97,588.17,2
508.51,593.07,2
509.43,592.64,2
520.64,605.36,2
523.39,603.4,2
534.22,601.5,2
542.66,597.42,2
569.93,648.08,2
592.09,752.13,2
589.23,850.05,2
563.33,967.89,2
637.31,1051.79,2
694.91,1053.99,2
647.66,971.76,2
644.48,925.14,2
634.66,897.62,2
622.86,898.78,2
629.22,905.71,2
623.4,951.54,2
689.91,912.31,2
666.51,913.51,2
672.42,941.79,2
695.83,994.06,2
641.68,998.7,2
615.88,989.67,2
437.56,979.75,2
570.98,951.78,2
568.87,904.16,2
503.4,825.01,2
503.4,825.01,2
474.99,798.59,2
458.37,700.08,2
338.98,576.83,2
349.43,531.52,2
391.04,549.41,2
443.82,574.48,2
472.46,600.05,2
483.83,593.58,2
508.88,586.15,2
492.11,565.85,2
508.49,571.36,2
516,551.43,2
524.7,546.58,2
518.91,524.28,2
496.1,524.23,0
502.27,523.74,0
537.26,548.83,2
538.72,551.15,2
540.31,551.22,2
532.58,505.98,2
512.12,463.48,0
530.45,483.88,0
498.49,468.07,0
524.69,458.47,0
509.51,456.23,0
452.5,457.05,0
352.81,470.56,1
205.71,496.85,1
131.92,503.24,0
125.02,516.32,0
169.95,515.08,0
162.09,584.57,1
201.71,769.47,1
260.89,891.81,2
326.2,848.89,2
392.54,772.52,2
460.11,721.82,2
487.49,680.44,0
504.25,670.73,0
523.67,688.74,0
546.42,688.74,0
562.73,690.34,0
573.38,633.44,1
585.22,470.9,1
586.03,450.34,0
583.8,434.77,0
588.35,429.48,1
582.22,394.62,1
585.64,403.02,0
599.19,356.26,0
620.75,327.66,0
627,316.08,0
626.32,309.92,0
622.13,317.66,1
633.52,366.56,1
621.04,357.49,0
616.26,360.34,0
615.47,362.49,2
617.2,360.78,2
612.56,353.74,2
608.6,354.46,2
600.19,345.14,2
596.97,365.11,2
592.61,371.58,2
589.38,373.83,2
582.61,360.84,2
562.73,312.6,2
554.48,285.08,2
605.83,368.06,0
591.48,394.14,0
592.25,407.08,0
591.74,466.15,0
555.56,481.2,1
518.27,391.5,1
512.84,390.76,0
487.14,403.7,0
454.61,405.4,0
450.31,405.65,0
445.7,421.76,0
443.72,425.88,1
442.7,455.35,1
423.4,464.21,0
382.2,460.77,0
368.17,431.34,2
409.33,456.93,2
366.48,355.23,2
391.49,333.22,2
409.38,324.16,2
428.86,316.26,2
444.56,309.02,2
455.29,299.92,2
455.29,299.92,2
455.29,299.92,2
455.29,299.92,2
458.89,284.96,2
457.51,284.04,2
547.85,254.54,2
567.75,331.07,2
733.45,382.25,2
1124.81,429.38,2
1120.37,478.39,2
1129.08,565.82,2
1098.1,595.46,2
1107.27,610.48,2
1061.95,596.54,2
1243.99,650.71,2
1069.85,517.52,2
999.44,539.84,0
868.36,490.63,0
907.36,519.43,1
1083.14,734.24,1
1029.17,595.21,1
934.8,556.3,1
831.34,592.4,1
866.58,610.17,1
767.91,608.01,1
738.41,612.09,0
713.8,628.3,0
697.26,642.44,0
700.26,647.5,0
708.09,639.42,0
663.87,645.92,1
679.44,691.08,1
779.92,929.99,1
836.55,1087.78,1
916.72,1261.97,1
890.15,1204.19,1
1007.68,1044.93,3
779.14,1177.45,1
-7.4,512.1,1
NaN,NaN,1
659.16,1083.75,3
NaN,NaN,3
NaN,NaN,3
NaN,NaN,3
NaN,NaN,3
668.45,1384.71,3
NaN,NaN,3
NaN,NaN,3
NaN,NaN,3
2172.46,-3776.57,3
NaN,NaN,3
NaN,NaN,3
859.42,1344.88,3
NaN,NaN,3
613.42,595.67,3
NaN,NaN,3
NaN,NaN,3
NaN,NaN,3
NaN,NaN,3
856.1,701.22,3
677.19,512.36,0
598.9,372.45,0
547.68,315.9,0
567.66,297.57,1
496.68,350.1,1
516.71,400.39,1
536.41,464.38,1
580.87,539.25,1
585.42,512.63,1
598.94,585.27,1
606.72,593.15,1
627.88,617.29,2
639.51,624.79,2
631.16,619.27,2
633.47,688.27,2
632.22,681.69,2
626.15,609.8,2
638.51,634.75,2
627.09,621.22,2
625.37,546.74,2
616.17,534.57,2
614.26,565.5,2
606,552.77,2
601.94,548.19,0
596.46,542,0
599.08,527.18,2
601.72,557.98,2
603.65,542.83,2
601.27,573.08,2
610.22,592.8,2
613.31,605.53,2
613.37,610.62,2
618.23,633.35,2
624.99,627.75,2
616.6,580.4,2
626.54,643.21,0
631.53,648.64,0
638,662.5,2
647.63,659.72,2
690.49,476.01,2
656.68,647.81,2
660.23,629.69,2
648.42,557.3,2
651.45,546.62,2
654.75,613.23,2
660.9,606.82,2
658.05,587.23,2
666.29,591.71,2
661.61,579.2,2
661.82,586.01,2
660.94,595.17,2
659.3,601.1,2
657.19,582.85,0
657.96,579.83,0
659.72,571.74,0
670.09,602.28,0
660.59,632.54,0
660,628.06,1
663.99,655.28,1
663.19,642.44,0
664.71,652.09,0
669.43,662.27,0
668.54,660.67,0
667.82,661.04,0
670.51,691.88,1
660.76,581.41,1
648.53,664.28,1
585.44,560.91,2
588.81,572.17,2
589.92,569.2,2
756.7,879.95,2
584.27,645.24,2
594.34,594.21,2
585.22,602.16,2
585.76,627.06,2
609.29,665.95,2
648.14,575.95,0
651.02,576.61,0
653.74,639.69,0
656.56,615.5,0
656.46,609.78,0
665.05,607.32,2
657.55,600.44,2
654.42,589.47,2
654.03,589.13,2
486.14,577.21,2
408.76,601.29,2
397.08,516.68,2
388.67,511.41,2
368.44,529.08,2
400.61,508.7,2
410.06,510.4,2
464.73,597.96,2
400.78,523.76,2
498.12,731.9,2
498.12,731.9,2
394.17,496.7,2
392.53,485.45,2
391.24,480.98,2
531,501.2,2
538.43,492.13,2
543.01,492.86,2
546.58,480.69,2
547.88,482.51,2
548.46,471.58,0
551.72,471.04,0
553.53,468.16,0
553.14,469.02,0
542.98,465.54,1
555.91,460.91,1
554.4,465.98,1
531.14,461.58,1
549.95,464.89,1
538.58,466.78,0
537.61,472.88,0
535.23,467.02,0
535.52,469.15,0
530.4,471.41,0
533.99,474.72,1
525.64,477.51,1
526.44,478.71,1
524.7,483,1
533.62,477.72,1
531.2,476.45,1
531.44,480.24,1
559.26,481.4,1
568.52,480.14,1
799.09,512.34,1
817.3,532.97,0
824.58,531.56,0
823.37,532.61,1
837.85,550.14,1
838.07,555.37,0
845.35,558.83,0
838.46,553.11,0
832.23,551.08,1
670.26,493.01,1
630.39,482.79,0
626.06,483.32,0
627.6,481.65,0
630.11,473.52,0
627.35,478.38,0
633.27,477.23,0
637.66,485.39,0
631.7,480.44,0
630.12,484.33,0
629.06,485.13,0
625.71,483.5,0
629.77,487.63,1
595.02,509.91,1
574.18,538.86,0
579.08,541.96,0
573.49,537.8,0
580.6,537.95,2
583.11,536.15,2
580.99,532.52,2
582.12,523.33,2
576.11,512.88,2
572.85,514.26,1
583.3,512.59,1
580.4,508.12,0
573.05,514.08,0
579.62,508.52,0
572.89,509.95,0
591.22,517.81,2
592.69,533.8,2
593.22,533.71,2
592.25,534.62,2
575.89,503.5,0
583.54,498.73,0
590.27,513,0
582,511.9,0
579.45,507.81,0
576.86,496.28,0
582.06,502.56,0
576.71,504.02,0
585.26,510.54,0
557.79,478.52,1
586.97,527.47,1
566.48,478.68,0
587.29,523.12,0
531.63,477.95,1
401.67,550.69,1
406.94,534.43,1
403.11,524.31,0
394.84,523.13,0
397.75,527.92,0
399.6,519.15,0
391.11,527.55,1
403.7,525.74,1
406.37,522.62,0
400.04,527.14,0
401.63,528.57,1
383.43,535.08,1
389.56,538.56,1
391.46,542.23,1
404.39,534.6,1
402.52,539.31,1
465.51,607.03,1
389.98,542.6,1
392.79,537.46,0
395.57,528.12,0
405.61,523.4,0
423.21,522,1
407.6,534.76,1
412.32,531.48,1
414.93,545.38,0
415.25,547.78,0
412.12,546.63,0
412.75,541.02,0
408.57,544.78,0
471.14,618.89,1
394.77,552.26,1
379.26,545.76,2
379.05,564.81,2
530.2,561.55,2
842.6,546.56,2
1069.86,465.58,2
1269.73,529.06,2
1283.93,409.21,2
NaN,NaN,2
1058.12,473.13,2
1597.69,188.77,2
942.16,565.98,2
1064.36,578.05,2
1004.65,710.9,2
1026.72,652.65,2
957.6,634.9,2
993.34,677.71,2
797.21,488.66,3
911.01,592.71,0
844.72,573.15,0
808.91,555.58,0
778.73,528.34,0
756.48,525.84,0
738.65,534.9,0
711.7,543.54,0
705.07,561.82,0
699.54,561.59,0
683.73,566.11,0
672.57,567.72,1
657.35,574.03,1
653.67,575.85,0
645.69,577.17,0
638.16,570.5,0
633.76,585.36,1
620.32,576.69,1
620.19,596.15,1
624.28,591.16,1
635.66,588.63,2
661.97,583.12,2
679.75,576.04,2
480.41,488.06,2
256.99,421.94,2
NaN,NaN,2
NaN,NaN,2
95.15,301.87,2
36.36,343.43,2
100.89,352.43,2
266.15,469.21,2
433.11,455.42,2
493.01,476.55,2
540.59,504.67,2
701.96,566.81,2
820.69,487.83,2
755.22,685.44,2
792.78,508.55,3
742.79,674.8,0
744.55,659.79,0
726.56,612.9,0
730.64,659.87,0
722.79,652.49,0
722.89,651.7,0
722.6,645.52,0
724.2,650.24,1
711.13,650.43,1
709.57,651.45,0
704.18,645.3,0
697.33,636.45,0
691.03,633.98,1
694.19,554.18,1
677.57,595.2,0
669.46,585.85,0
646.47,584.99,0
621.38,606.24,0
607.32,622.84,0
590.1,629.11,0
578.94,634.69,0
542.18,648.78,2
556.85,632.13,2
518.67,626.54,2
506.23,619.76,2
509.67,638.66,2
496.79,646.76,2
415.91,652.04,0
371.79,656.26,0
416.92,690.61,1
303.23,666.4,1
281.21,650.11,0
253.17,671.42,0
213.2,661.85,0
155.85,630.65,1
101.07,672.08,1
51.65,625.36,0
21.31,605.98,0
-23.26,600.7,0
-29.38,542.03,1
39.65,388.19,1
54.88,355.16,1
63.05,244.04,3
-282.46,267.89,1
74.02,308.89,1
126.64,284.18,1
-46.14,325.55,1
224.19,289.55,1
242.7,297.79,1
298.8,333.41,1
540.27,443.07,1
662.45,542.62,0
721.88,543.03,0
726.45,565.68,0
731.31,557.59,0
742.29,548.5,3
NaN,NaN,3
1270.42,285.38,3
NaN,NaN,3
NaN,NaN,3
1309.99,340.07,3
NaN,NaN,3
NaN,NaN,3
1100.79,623.3,3
127.88,1786.22,1
965.74,408.37,1
943.51,427.11,1
971.17,514.18,1
1017.67,552.96,1
960.99,491.62,1
1006.37,565.46,1
1016.84,610.06,0
989.49,604.81,0
948.05,589.5,0
958.37,601.82,0
914.86,569.89,1
845.7,571.39,1
847.03,568.35,1
788.82,563.76,0
789.8,566.8,0
757.89,579.24,0
742.14,580.56,0
732.5,581.39,0
702.45,576.08,0
682.67,579.33,0
678.05,590.6,0
673.08,590.85,0
670.43,580.46,0
672.77,592.49,0
674.76,590.74,0
682.36,595.83,0
693.37,608.47,0
707.37,608.07,1
716.62,631.83,1
727.69,630.56,0
732.9,630.47,0
783.76,662.15,0
791.01,655.53,0
811.68,665.18,0
675.05,553.19,1
454.88,540.17,1
81.53,593.15,1
-172.34,688.35,1
63.71,501.35,1
89.7,634.45,1
275.54,587.75,1
341.31,630.94,1
428.35,830.58,1
577.7,845.57,1
446.47,990.23,1
448.44,1063.68,1
451.19,1057.88,3
NaN,NaN,3
486.46,1045.7,3
541.19,1164.61,3
689.78,1257.71,3
NaN,NaN,3
909.78,805.93,3
NaN,NaN,3
NaN,NaN,3
868.07,1128.5,3
NaN,NaN,3
-831.02,3227.38,3
-112.09,2277.58,3
-213.31,2364.5,3
NaN,NaN,3
-84.9,2307.71,3
-3098.69,10045.36,3
NaN,NaN,3
NaN,NaN,3
1067.95,300.23,3
1080.58,157.38,3
NaN,NaN,3
1203.57,340.4,3
1190.73,397.47,1
1093.49,476.99,1
1094.77,483.07,1
1292.57,577.06,1
1383.02,595.68,1
1187.02,396.48,1
1430.49,502.72,1
1233.7,533.96,0
1230.5,535.8,0
1207.97,544.26,0
1199.09,556.66,1
1343.34,562.48,1
1372.59,601.74,1
1371.06,631.49,1
827.9,547.97,1
451.16,570.13,1
340.52,599.16,0
422.21,603.35,0
489.81,616.84,0
539.83,637.07,1
632.21,621.42,1
631.91,614.95,0
676.76,619.24,0
709.24,626.32,0
756.23,646.96,0
785.12,644.75,0
667.76,631.77,1
397.93,690.98,1
405.33,681.9,0
433.44,682.71,0
494.62,670.1,2
518.15,666.6,2
534.28,655.47,2
535.17,656.13,0
549.28,647.31,0
552.27,642.57,0
531.65,661.16,1
793.88,643.67,1
927.91,669.43,0
931.3,673.07,0
923.62,669.69,0
922.13,671.5,0
910.95,667.42,0
900.5,663.33,0
891.92,665.02,0
744.8,643.36,1
483.38,682.08,1
499.2,662.2,0
503.2,653.32,0
503.98,658.15,0
513.36,651.95,0
523.77,646.61,0
528.72,650.79,0
537.51,650.47,1
548.62,640.28,1
557.89,646.52,0
556.79,637.64,0
568.6,630.39,0
585.74,613.87,1
597.05,602.27,1
853.84,555.27,1
1009.64,557.11,0
995.77,542.52,0
1012.17,535.55,2
995.15,530.29,2
993.02,528.55,2
953.92,489.61,2
643.66,559.79,2
602.93,576.29,2
590.3,602.41,2
577.35,585.19,2
564.06,578.22,2
548.79,576.68,2
534.94,576.37,2
515.7,583.31,2
498.85,587.08,0
483.1,609.91,0
470.73,609.98,0
476.88,599.54,0
482.47,588.15,0
491.26,580.38,0
496.69,574.84,1
505.54,559,1
511.23,553.87,1
524.3,543.56,1
528.91,542.9,0
529.87,543.07,0
530.52,536.82,0
531.52,537.95,0
534.35,530.53,1
536.47,545.38,1
543.98,540.37,1
538.83,562.67,0
544.87,545.87,0
544.95,560.47,0
560.14,566.46,0
575.61,567.13,0
580.16,580.07,0
578.55,589.99,0
581.34,605.66,0
589.67,612.01,0
605.42,609.83,0
633.26,613.04,1
523.33,595.79,1
398.1,592.88,1
419.68,589.7,1
419.9,596.22,2
450.66,587.22,2
445.59,605.6,2
667.13,632.13,2
694.63,663.06,0
670.31,663.07,0
651.14,655.75,0
640.31,655.8,0
633.06,649.3,0
625.44,646.12,0
616.59,645.41,0
607.87,643.03,1
597.25,639.42,1
588.17,639.77,1
561.01,631.57,1
298.19,628.54,1
288.06,618.17,0
299.93,611.56,0
303.25,606.26,1
328.41,599.16,1
348.05,593.72,1
357.69,592.96,0
376.17,582.79,0
380.77,585.69,0
389.25,583.88,0
391.12,584.28,0
388.91,589.5,0
390.55,584,0
387.81,587,0
385.72,593.68,1
376.69,593.88,1
372.9,597.27,0
376.16,599.99,0
376.95,594.66,0
379.74,597.55,0
377.19,597.27,1
361.23,603.03,1
364.37,602.19,2
377.61,601.2,2
393.42,605.74,2
385.04,606.09,2
529.85,589.48,2
867.17,556.13,2
1113.82,587.88,2
1146.34,619.6,2
1133.49,629.42,2
1131.55,646.13,0
1145.68,691.63,0
1089.69,657.35,0
1114.01,673.55,0
1075.98,640.98,1
1012.8,574.02,1
1018.75,568.93,1
1000.54,533.04,3
943.96,512.34,1
548.42,497.09,1
316.68,508.85,0
349.51,501.82,0
347.3,472.84,0
411.82,487.88,1
414.87,514.93,1
484.34,545.59,1
543.41,561.46,0
494.76,597.75,0
542.73,581.41,2
555.09,581.22,2
552.65,576.56,2
536.29,579.15,2
535.53,553.01,2
527.4,533.68,2
518.95,524.3,2
657.36,537.42,2
915.58,561.69,2
1134.4,648.46,2
1123.55,662.64,2
1096.82,657.71,2
1148.97,662.8,2
1066.86,589.64,2
1196.3,391.26,2
995.16,592.43,2
989.98,600.49,2
919.75,571.82,0
855.26,552.87,0
835.97,566.49,0
838.53,571.07,0
792.96,583.85,0
778.95,588.96,0
766.56,585.63,0
763.67,601.05,0
753.83,601.8,0
749.13,600.85,0
757.49,610.57,0
767.64,615.6,2
771.03,597.12,2
724.99,593.92,2
392.02,509.24,2
330.8,516.16,2
134.5,570.53,2
232.99,624.44,2
196.3,656.42,2
257.99,693.06,2
234.3,707.47,2
307.41,748.5,2
323.53,759.12,2
333.03,757.58,2
341.85,742.74,2
351.93,733.46,2
354.28,712.63,2
354.21,690.62,2
366.98,664.32,2
642.98,627.84,2
851.46,680.7,2
909.15,704.55,2
840.14,673.64,2
823.36,657.58,2
782.62,632.41,0
752.38,620.96,0
747.19,613.83,0
718.5,601.58,0
706.96,593.76,0
701.51,589.34,0
709.58,556.55,1
691.28,584.86,1
697.59,580.85,0
693.43,586.27,0
699.17,593.42,0
700.33,586.23,0
705.14,594.68,1
693.59,590.62,1
685.86,592.87,0
852.78,584.13,0
1157.19,600.89,0
