vRoot,vBones#srfBind_Cn_Pelvis,vBones#srfBind_Cn_SpineA,vBones#srfBind_Cn_SpineB,vBones#srfBind_Cn_SpineC,vBones#srfBind_Cn_Neck,vBones#srfBind_Cn_Head,aRoot,aBones#srfBind_Cn_Pelvis,aBones#srfBind_Cn_SpineA,aBones#srfBind_Cn_SpineB,aBones#srfBind_Cn_SpineC,aBones#srfBind_Cn_Neck,aBones#srfBind_Cn_Head,p0Root,p0Bones#srfBind_Cn_Pelvis,p0Bones#srfBind_Cn_SpineA,p0Bones#srfBind_Cn_SpineB,p0Bones#srfBind_Cn_SpineC,p0Bones#srfBind_Cn_Neck,p0Bones#srfBind_Cn_Head,pRoot,pBones#srfBind_Cn_Pelvis,pBones#srfBind_Cn_SpineA,pBones#srfBind_Cn_SpineB,pBones#srfBind_Cn_SpineC,pBones#srfBind_Cn_Neck,pBones#srfBind_Cn_Head,wRoot,wBones#srfBind_Cn_Pelvis,wBones#srfBind_Cn_SpineA,wBones#srfBind_Cn_SpineB,wBones#srfBind_Cn_SpineC,wBones#srfBind_Cn_Neck,wBones#srfBind_Cn_Head,pEndEff#Hand_L,pEndEff#Hand_R,pEndEff#srfBind_Lf_FootA,pEndEff#srfBind_Rt_FootA,wEndEff#Hand_L,wEndEff#Hand_R,wEndEff#srfBind_Lf_FootA,wEndEff#srfBind_Rt_FootA,p0,p
0,245.8781,6.2807,10.48278,10.48278,0,38.09341,0,7457.869,100.7152,306.3136,306.3136,0,617.7803,0,1,1,1,1,0,1,0,0.8406686,0.8732849,0.8267754,0.8280104,0,0.8615969,0.3341562,0.3341562,0.3431843,0.4024597,0.4515602,0.6745545,1,0,0,0,0,0,0,0,0,0.7895906,0.6342144
0,245.8781,6.2807,10.48278,10.48278,0,38.09341,0,7457.869,100.7152,306.3136,306.3136,0,617.7803,0,1,1,1,1,0,1,0,0.7877446,0.8364217,0.7705293,0.7720346,0,0.8185307,0.3341562,0.3341562,0.3431843,0.4024597,0.4515602,0.6745545,1,0,0,0,0,0,0,0,0,0.7895906,0.5846638
0,8.64106,3.140349,4.893881,4.893881,0,17.52498,0,1899.317,79.62239,170.771,174.4439,0,484.3245,0,0.2546729,0.7905694,0.5575039,0.5694946,0,0.7839752,0,0.2570604,0.711758,0.5352552,0.5423298,0,0.7041059,0.3341562,0.3341562,0.3431843,0.4024597,0.4515602,0.6745545,1,0,0,0,0,0,0,0,0,0.505915,0.4553408
0,66.11903,1.18694,7.873274,7.873274,0,2.373881,0,687.7101,50.35762,61.67524,61.67524,0,352.5035,0,0.09221269,0.5,0.2013467,0.2013467,0,0.5705969,0,0.164532,0.4585619,0.3709317,0.3722489,0,0.5463092,0.3341562,0.3341562,0.3431843,0.4024597,0.4515602,0.6745545,1,0,0,0,0,0,0,0,0,0.2947541,0.3388735
0,43.98121,2.373881,8.392939,8.392939,0,10.68247,0,1192.749,0,123.3505,123.3505,0,219.5038,0,0.1599316,0,0.4026935,0.4026935,0,0.3553104,0,0.1387524,0.1287861,0.3586137,0.3600228,0,0.3905261,0.3341562,0.3341562,0.3431843,0.4024597,0.4515602,0.6745545,1,0,0,0,0,0,0,0,0,0.2347725,0.267891
0,8.308585,3.560822,4.893881,4.893881,0,17.92243,0,198.2582,0,100.7152,100.7152,0,87.22195,0,0.02658376,0,0.3287978,0.3287978,0,0.141186,0,0.08828348,0.1064914,0.272137,0.2729401,0,0.2768781,0.3341562,0.3341562,0.3431843,0.4024597,0.4515602,0.6745545,1,0,0,0,0,0,0,0,0,0.1343982,0.1973166
0,7.962241,4.279575,2.373881,2.373881,0,20.86454,0,460.1599,0,50.35762,50.35762,0,35.60821,0,0.06170127,0,0.1643989,0.1643989,0,0.05763895,0,0.06506135,0.08006133,0.1927585,0.1929952,0,0.2366026,0.3341562,0.3341562,0.3431843,0.4024597,0.4515602,0.6745545,1,0,0,0,0,0,0,0,0,0.06820417,0.1520973
0,13.58516,4.441125,2.65408,2.65408,0,20.86454,0,151.0729,0,50.35762,50.35762,0,128.3873,0,0.02025684,0,0.1643989,0.1643989,0,0.2078203,0,0.04557726,0.06072717,0.1386352,0.1386352,0,0.2302704,0.3341562,0.3341562,0.3431843,0.4024597,0.4515602,0.6745545,1,0,0,0,0,0,0,0,0,0.1107294,0.1240958
0,16.61718,4.111682,3.753435,3.753435,0,22.48935,0,79.62239,0,0,0,0,142.4329,0,0.01067629,0,0,0,0,0.2305558,0,0.03652538,0.04659757,0.08902418,0.08902418,0,0.2267919,0.3341562,0.3341562,0.3431843,0.4024597,0.4515602,0.6745545,1,0,0,0,0,0,0,0,0,0.07302857,0.1082224
0,15.8802,3.357175,4.747762,4.747762,0,24.58434,0,159.2448,50.35762,0,0,0,155.2126,0,0.02135259,0.5,0,0,0,0.2512424,0,0.02691467,0.114855,0.05146439,0.05146439,0,0.2413163,0.3341562,0.3341562,0.3431843,0.4024597,0.4515602,0.6745545,1,0,0,0,0,0,0,0,0,0.1341176,0.1009451
0,11.6296,3.140349,5.30816,5.30816,0,27.24805,0,273.512,0,0,0,0,167.0173,0,0.03667428,0,0,0,0,0.2703507,0,0.02464223,0.04659757,0.02447769,0.02447769,0,0.2706365,0.3341562,0.3341562,0.3431843,0.4024597,0.4515602,0.6745545,1,0,0,0,0,0,0,0,0,0.08815133,0.1012754
0,6.391871,3.140349,5.814797,5.814797,0,30.49315,0,293.633,0,0,0,0,185.0257,0,0.03937224,0,0,0,0,0.2995009,0,0.02018296,0.03908126,0.01701741,0.01701741,0,0.2933393,0.3341562,0.3341562,0.3431843,0.4024597,0.4515602,0.6745545,1,0,0,0,0,0,0,0,0,0.09752516,0.104867
0,10.34751,3.140349,6.052233,6.052233,0,34.48276,0,112.6031,0,0,0,0,201.4305,0,0.01509856,0,0,0,0,0.3260552,0,0.0172996,0.02924307,0.01771027,0.01771027,0,0.2947579,0.3341562,0.3341562,0.3431843,0.4024597,0.4515602,0.6745545,1,0,0,0,0,0,0,0,0,0.103278,0.1031566
0,12.39203,2.907398,5.934703,5.934703,0,39.25907,0,79.62239,0,0,0,0,219.5038,0,0.01067629,0,0,0,0,0.3553104,0,0.01460916,0.01958185,0.03450941,0.03450941,0,0.2861764,0.3341562,0.3341562,0.3431843,0.4024597,0.4515602,0.6745545,1,0,0,0,0,0,0,0,0,0.1119425,0.1024787
0,13.9434,2.907398,5.692367,5.692367,0,44.79061,0,35.60821,0,0,0,0,238.8672,0,0.004774583,0,0,0,0,0.386654,0,0.01152847,0,0.04528568,0.04528568,0,0.2697166,0.3341562,0.3341562,0.3431843,0.4024597,0.4515602,0.6745545,1,0,0,0,0,0,0,0,0,0.1211041,0.09575894
0,14.7773,2.907398,5.30816,5.30816,0,51.1492,0,0,0,35.60821,35.60821,0,159.2448,0,0,0,0.1162476,0.1162476,0,0.2577693,0,0.008880042,0,0.05560979,0.05560979,0,0.2417161,0.3341562,0.3341562,0.3431843,0.4024597,0.4515602,0.6745545,1,0,0,0,0,0,0,0,0,0.1113713,0.0906553
0,14.82489,2.65408,5.173754,5.173754,0,55.30489,0,0,0,35.60821,35.60821,0,61.67524,0,0,0,0.1162476,0.1162476,0,0.0998336,0,0.007781261,0,0.05927942,0.05927942,0,0.2150531,0.3341562,0.3341562,0.3431843,0.4024597,0.4515602,0.6745545,1,0,0,0,0,0,0,0,0,0.0621075,0.08524751
0,13.9434,2.65408,5.692367,5.692367,0,55.8373,0,61.67524,0,50.35762,50.35762,0,61.67524,0,0.00826982,0,0.1643989,0.1643989,0,0.0998336,0,0.008704229,0,0.06529843,0.06529843,0,0.205971,0.3341562,0.3341562,0.3431843,0.4024597,0.4515602,0.6745545,1,0,0,0,0,0,0,0,0,0.07579646,0.0836862
0,11.98752,2.373881,7.219878,7.219878,0,54.97272,0,79.62239,0,0,0,0,87.22195,0,0.01067629,0,0,0,0,0.141186,0,0.009616684,0,0.07062487,0.07062487,0,0.212212,0.3341562,0.3341562,0.3431843,0.4024597,0.4515602,0.6745545,1,0,0,0,0,0,0,0,0,0.04515203,0.08741076
0,9.117065,2.65408,8.050224,8.050224,0,52.66912,0,118.0991,0,0,0,0,123.3505,0,0.0158355,0,0,0,0,0.1996672,0,0.01021842,0,0.08666497,0.08666497,0,0.2346386,0.3341562,0.3341562,0.3431843,0.4024597,0.4515602,0.6745545,1,0,0,0,0,0,0,0,0,0.06393144,0.09877536
0,5.30816,2.373881,8.223367,8.223367,0,48.93922,0,151.0729,0,0,0,0,167.0173,0,0.02025684,0,0,0,0,0.2703507,0,0.01025034,0,0.08756044,0.08756044,0,0.2738746,0.3341562,0.3341562,0.3431843,0.4024597,0.4515602,0.6745545,1,0,0,0,0,0,0,0,0,0.08644012,0.1107786
0,2.055841,2.373881,7.600129,7.600129,0,43.7564,0,112.6031,0,35.60821,35.60821,0,210.6611,0,0.01509856,0,0.1162476,0.1162476,0,0.3409967,0,0.009395598,0,0.1046789,0.1046789,0,0.3204184,0.3341562,0.3341562,0.3431843,0.4024597,0.4515602,0.6745545,1,0,0,0,0,0,0,0,0,0.1389057,0.1282813
0,4.597001,2.055841,6.391871,6.391871,0,37.1573,0,35.60821,0,61.67524,61.67524,0,254.2936,0,0.004774583,0,0.2013467,0.2013467,0,0.4116246,0,0.007545893,0,0.1108674,0.1108674,0,0.3586658,0.3341562,0.3341562,0.3431843,0.4024597,0.4515602,0.6745545,1,0,0,0,0,0,0,0,0,0.1825295,0.1407348
0,3.936636,2.055841,4.597001,4.597001,0,29.31536,0,0,0,94.21048,94.21048,0,295.7841,0,0,0,0.3075622,0.3075622,0,0.4787853,0,0.005420709,0,0.1196686,0.1196686,0,0.384382,0.3341562,0.3341562,0.3431843,0.4024597,0.4515602,0.6745545,1,0,0,0,0,0,0,0,0,0.2312755,0.1498009
0,3.357175,2.055841,3.753435,3.753435,0,20.66098,0,0,0,0,0,0,264.0777,0,0,0,0,0,0,0.4274621,0,0.0036877,0,0.09706432,0.09706432,0,0.3971824,0.3341562,0.3341562,0.3431843,0.4024597,0.4515602,0.6745545,1,0,0,0,0,0,0,0,0,0.1333354,0.1515955
0,2.65408,1.18694,2.907398,2.907398,0,13.27041,0,0,0,50.35762,50.35762,0,241.5067,0,0,0,0.1643989,0.1643989,0,0.3909265,0,0.002021207,0,0.09053166,0.09053166,0,0.4020076,0.3341562,0.3341562,0.3431843,0.4024597,0.4515602,0.6745545,1,0,0,0,0,0,0,0,0,0.1657332,0.1493102
0,2.055841,1.678587,1.18694,1.18694,0,9.495527,0,0,0,0,0,0,236.1982,0,0,0,0,0,0,0.3823337,0,0.001429396,0,0.05960768,0.05960768,0,0.4012684,0.3341562,0.3341562,0.3431843,0.4024597,0.4515602,0.6745545,1,0,0,0,0,0,0,0,0,0.1192588,0.1424557
0,1.678587,0,1.18694,1.18694,0,12.16253,0,0,0,0,0,0,233.4987,0,0,0,0,0,0,0.377964,0,0.001421844,0,0.0357501,0.0357501,0,0.3984768,0.3341562,0.3341562,0.3431843,0.4024597,0.4515602,0.6745545,1,0,0,0,0,0,0,0,0,0.1178958,0.1348397
0,1.18694,0,1.18694,1.18694,0,18.42629,0,50.35762,0,0,0,0,236.1982,0,0.006752281,0,0,0,0,0.3823337,0,0.001619952,0,0.0145405,0.0145405,0,0.3972332,0.3341562,0.3341562,0.3431843,0.4024597,0.4515602,0.6745545,1,0,0,0,0,0,0,0,0,0.1199626,0.128143
0,2.907398,0,1.18694,1.18694,0,25.75968,0,0,0,0,0,0,241.5067,0,0,0,0,0,0,0.3909265,0,0.001670073,0,0.01974587,0.01974587,0,0.4031873,0.3341562,0.3341562,0.3431843,0.4024597,0.4515602,0.6745545,1,0,0,0,0,0,0,0,0,0.1219391,0.131436
0,3.936636,1.18694,1.18694,1.18694,0,33.57188,0,35.60821,0,0,0,0,249.2576,0,0.004774583,0,0,0,0,0.4034728,0,0.001559533,0,0.02447769,0.02447769,0,0.3997231,0.3341562,0.3341562,0.3431843,0.4024597,0.4515602,0.6745545,1,0,0,0,0,0,0,0,0,0.1263503,0.1314818
0,5.035762,1.678587,1.18694,1.18694,0,41.71239,0,0,0,0,0,0,261.6659,0,0,0,0,0,0,0.4235582,0,0.001744208,0,0.04402455,0.04402455,0,0.385989,0.3341562,0.3341562,0.3431843,0.4024597,0.4515602,0.6745545,1,0,0,0,0,0,0,0,0,0.1321177,0.1315588
0,5.814797,1.678587,1.678587,2.055841,0,50.23202,0,0,0,0,0,0,278.1091,0,0,0,0,0,0,0.4501748,0,0.002063178,0,0.06744894,0.06744894,0,0.3631767,0.3341562,0.3341562,0.3431843,0.4024597,0.4515602,0.6745545,1,0,0,0,0,0,0,0,0,0.1404201,0.1291015
0,6.052233,2.373881,2.907398,2.907398,0,59.15754,0,0,0,50.35762,50.35762,0,287.0827,0,0,0,0.1643989,0.1643989,0,0.4647003,0,0.002500175,0,0.08665554,0.08665554,0,0.3309231,0.3341562,0.3341562,0.3431843,0.4024597,0.4515602,0.6745545,1,0,0,0,0,0,0,0,0,0.1887449,0.1218768
0,5.934703,3.140349,3.936636,4.111682,0,68.33015,0,0,0,50.35762,50.35762,0,146.8164,0,0,0,0.1643989,0.1643989,0,0.2376515,0,0.003789429,0,0.09516004,0.09516004,0,0.272467,0.3341562,0.3341562,0.3431843,0.4024597,0.4515602,0.6745545,1,0,0,0,0,0,0,0,0,0.1179231,0.1114715
0,5.567245,3.357175,5.934703,5.934703,0,72.82188,0,50.35762,0,50.35762,50.35762,0,71.21642,0,0.006752281,0,0.1643989,0.1643989,0,0.1152779,0,0.004958824,0,0.09516003,0.09516003,0,0.2300888,0.3341562,0.3341562,0.3431843,0.4024597,0.4515602,0.6745545,1,0,0,0,0,0,0,0,0,0.08045572,0.1007024
0,4.893881,3.753435,7.219878,7.219878,0,74.12584,0,50.35762,0,50.35762,50.35762,0,61.67524,0,0.006752281,0,0.1643989,0.1643989,0,0.0998336,0,0.006569247,0,0.08665554,0.08665554,0,0.2118289,0.3341562,0.3341562,0.3431843,0.4024597,0.4515602,0.6745545,1,0,0,0,0,0,0,0,0,0.07563828,0.09217086
0,5.035762,3.936636,8.050224,8.050224,0,73.93553,0,71.21642,0,0,0,0,79.62239,0,0.009549166,0,0,0,0,0.1288846,0,0.007878192,0,0.06744894,0.06744894,0,0.2131631,0.3341562,0.3341562,0.3431843,0.4024597,0.4515602,0.6745545,1,0,0,0,0,0,0,0,0,0.04119746,0.08763343
0,5.934703,4.111682,8.961206,8.961206,0,72.23911,0,94.21048,0,0,0,0,118.0991,0,0.01263236,0,0,0,0,0.1911668,0,0.008360639,0,0.04402455,0.04402455,0,0.2331005,0.3341562,0.3341562,0.3431843,0.4024597,0.4515602,0.6745545,1,0,0,0,0,0,0,0,0,0.06094609,0.08701827
0,8.223367,4.279575,9.715529,9.715529,0,69.05826,0,71.21642,0,0,0,0,167.0173,0,0.009549166,0,0,0,0,0.2703507,0,0.008225756,0,0.03171525,0.03171525,0,0.2704504,0.3341562,0.3341562,0.3431843,0.4024597,0.4515602,0.6745545,1,0,0,0,0,0,0,0,0,0.08532404,0.09407643
0,6.818455,4.279575,10.27921,10.27921,0,64.45738,0,87.22195,0,0,0,0,216.5963,0,0.01169529,0,0,0,0,0.3506041,0,0.007756104,0,0.02765071,0.02043757,0,0.3097524,0.3341562,0.3341562,0.3431843,0.4024597,0.4515602,0.6745545,1,0,0,0,0,0,0,0,0,0.1105807,0.1030583
0,5.814797,4.441125,10.54976,10.54976,0,58.52301,0,61.67524,0,0,0,0,264.0777,0,0.00826982,0,0,0,0,0.4274621,0,0.007412316,0,0.03174995,0.02384197,0,0.3374508,0.3341562,0.3341562,0.3431843,0.4024597,0.4515602,0.6745545,1,0,0,0,0,0,0,0,0,0.1341974,0.1124293
0,6.052233,4.441125,10.68247,10.68247,0,51.50604,0,0,0,0,0,0,291.4659,0,0,0,0,0,0,0.4717954,0,0.006936322,0,0.04845555,0.03113624,0,0.3485136,0.3341562,0.3341562,0.3431843,0.4024597,0.4515602,0.6745545,1,0,0,0,0,0,0,0,0,0.147164,0.1192243
0,6.71435,4.441125,10.68247,10.68247,0,44.10916,0,0,0,35.60821,35.60821,0,219.5038,0,0,0,0.1162476,0.1162476,0,0.3553104,0,0.006839049,0,0.06049104,0.03864395,0,0.3414365,0.3341562,0.3341562,0.3431843,0.4024597,0.4515602,0.6745545,1,0,0,0,0,0,0,0,0,0.1417967,0.1201317
0,7.316793,4.441125,10.54976,10.54976,0,38.47978,0,61.67524,0,35.60821,0,0,188.421,0,0.00826982,0,0.1162476,0,0,0.3049967,0,0.007239326,0,0.06652078,0.03941394,0,0.3230704,0.3341562,0.3341562,0.3431843,0.4024597,0.4515602,0.6745545,1,0,0,0,0,0,0,0,0,0.1105909,0.1158315
0,8.050224,4.111682,9.569424,9.495527,0,34.13371,0,87.22195,0,35.60821,50.35762,0,174.4439,0,0.01169529,0,0.1162476,0.1643989,0,0.2823721,0,0.00765607,0,0.06652078,0.04095667,0,0.2970222,0.3341562,0.3341562,0.3431843,0.4024597,0.4515602,0.6745545,1,0,0,0,0,0,0,0,0,0.1270468,0.107739
0,9.642754,3.936636,8.392939,8.308585,0,30.92896,0,61.67524,0,35.60821,0,0,155.2126,0,0.00826982,0,0.1162476,0,0,0.2512424,0,0.008268735,0,0.06049104,0.03341611,0,0.2671593,0.3341562,0.3341562,0.3431843,0.4024597,0.4515602,0.6745545,1,0,0,0,0,0,0,0,0,0.0938237,0.09694119
0,11.13449,3.936636,7.316793,7.316793,0,28.90398,0,87.22195,0,0,0,0,142.4329,0,0.01169529,0,0,0,0,0.2305558,0,0.008822647,0,0.04845555,0.02644241,0,0.2398077,0.3341562,0.3341562,0.3431843,0.4024597,0.4515602,0.6745545,1,0,0,0,0,0,0,0,0,0.07313479,0.08578656
0,9.421051,3.560822,6.2807,6.2807,0,28.03801,0,79.62239,0,0,0,0,128.3873,0,0.01067629,0,0,0,0,0.2078203,0,0.008908218,0,0.03174995,0.0145405,0,0.2184699,0.3341562,0.3341562,0.3431843,0.4024597,0.4515602,0.6745545,1,0,0,0,0,0,0,0,0,0.06593681,0.07528525
0,8.476453,3.140349,5.567245,5.692367,0,28.18835,0,61.67524,0,0,0,0,123.3505,0,0.00826982,0,0,0,0,0.1996672,0,0.007980244,0,0.01771027,0.009840113,0,0.1928263,0.3341562,0.3341562,0.3431843,0.4024597,0.4515602,0.6745545,1,0,0,0,0,0,0,0,0,0.06314285,0.06444261
0,8.137257,2.907398,5.035762,5.035762,0,29.14667,0,61.67524,0,0,0,0,112.6031,0,0.00826982,0,0,0,0,0.1822704,0,0.006659182,0,0.007136926,0,0,0.1694881,0.3341562,0.3341562,0.3431843,0.4024597,0.4515602,0.6745545,1,0,0,0,0,0,0,0,0,0.05771638,0.05418239
0,8.308585,2.373881,4.279575,4.279575,0,30.74622,0,35.60821,0,0,0,0,112.6031,0,0.004774583,0,0,0,0,0.1822704,0,0.005363939,0,0,0,0,0.1492224,0.3341562,0.3341562,0.3431843,0.4024597,0.4515602,0.6745545,1,0,0,0,0,0,0,0,0,0.05735207,0.04674339
0,8.64106,2.055841,3.936636,3.936636,0,32.85072,0,35.60821,0,0,0,0,87.22195,0,0.004774583,0,0,0,0,0.141186,0,0.003878012,0,0,0,0,0.1306454,0.3341562,0.3341562,0.3431843,0.4024597,0.4515602,0.6745545,1,0,0,0,0,0,0,0,0,0.04453689,0.04097268
0,8.961206,1.678587,3.560822,3.560822,0,34.82831,0,0,0,0,0,0,0,0,0,0,0,0,0,0,0,0.002566293,0,0,0,0,0.115661,0.3341562,0.3341562,0.3431843,0.4024597,0.4515602,0.6745545,1,0,0,0,0,0,0,0,0,0,0.03674643
0,9.117065,1.18694,3.560822,3.560822,0,33.44575,0,0,0,0,0,0,50.35762,0,0,0,0,0,0,0.0815138,0,0.001975005,0,0,0,0,0.1098495,0.3341562,0.3341562,0.3431843,0.4024597,0.4515602,0.6745545,1,0,0,0,0,0,0,0,0,0.02542607,0.03448948
0,8.961206,0,3.357175,3.140349,0,31.31375,0,0,0,0,0,0,71.21642,0,0,0,0,0,0,0.1152779,0,0.001892167,0,0,0,0,0.1095967,0.3341562,0.3341562,0.3431843,0.4024597,0.4515602,0.6745545,1,0,0,0,0,0,0,0,0,0.03595788,0.0342972
0,8.64106,0,3.357175,3.357175,0,29.04983,0,0,0,0,0,0,71.21642,0,0,0,0,0,0,0.1152779,0,0.00249821,0,0,0,0,0.1125593,0.3341562,0.3341562,0.3431843,0.4024597,0.4515602,0.6745545,1,0,0,0,0,0,0,0,0,0.03595788,0.03529646
0,7.962241,0,3.357175,3.357175,0,26.59389,0,0,0,0,0,0,79.62239,0,0,0,0,0,0,0.1288846,0,0.003615882,0,0,0,0,0.1209528,0.3341562,0.3341562,0.3431843,0.4024597,0.4515602,0.6745545,1,0,0,0,0,0,0,0,0,0.04020214,0.03803352
0,6.71435,1.678587,3.560822,3.560822,0,23.94567,0,50.35762,0,0,0,0,87.22195,0,0.006752281,0,0,0,0,0.141186,0,0.005091672,0,0,0,0,0.1351303,0.3341562,0.3341562,0.3431843,0.4024597,0.4515602,0.6745545,1,0,0,0,0,0,0,0,0,0.04474303,0.04267402
0,5.30816,1.678587,3.560822,3.357175,0,21.16621,0,61.67524,0,0,0,0,94.21048,0,0.00826982,0,0,0,0,0.1524983,0,0.006375632,0,0,0,0,0.1446767,0.3341562,0.3341562,0.3431843,0.4024597,0.4515602,0.6745545,1,0,0,0,0,0,0,0,0,0.04842978,0.04578987
0,3.753435,1.678587,3.753435,3.753435,0,18.19547,0,71.21642,0,0,0,0,87.22195,0,0.009549166,0,0,0,0,0.141186,0,0.006982388,0,0,0,0,0.1489262,0.3341562,0.3341562,0.3431843,0.4024597,0.4515602,0.6745545,1,0,0,0,0,0,0,0,0,0.04503456,0.04718431
0,2.907398,2.055841,4.441125,4.441125,0,15.01375,0,87.22195,0,0,0,0,100.7152,0,0.01169529,0,0,0,0,0.1630276,0,0.00702875,0,0,0,0,0.1505909,0.3341562,0.3341562,0.3431843,0.4024597,0.4515602,0.6745545,1,0,0,0,0,0,0,0,0,0.05207115,0.04770075
0,4.441125,2.055841,4.893881,4.893881,0,11.80991,0,71.21642,0,0,0,0,100.7152,0,0.009549166,0,0,0,0,0.1630276,0,0.006500571,0,0,0,0,0.1482215,0.3341562,0.3341562,0.3431843,0.4024597,0.4515602,0.6745545,1,0,0,0,0,0,0,0,0,0.05184745,0.04689997
0,6.391871,2.055841,4.893881,4.893881,0,8.308585,0,50.35762,0,0,0,0,112.6031,0,0.006752281,0,0,0,0,0.1822704,0,0.005560955,0,0,0,0,0.1402123,0.3341562,0.3341562,0.3431843,0.4024597,0.4515602,0.6745545,1,0,0,0,0,0,0,0,0,0.05755821,0.04424794
0,7.962241,2.373881,5.173754,5.173754,0,5.173754,0,0,0,0,0,0,79.62239,0,0,0,0,0,0,0.1288846,0,0.005321757,0,0,0,0,0.1281695,0.3341562,0.3341562,0.3431843,0.4024597,0.4515602,0.6745545,1,0,0,0,0,0,0,0,0,0.04020214,0.04051765
0,8.961206,2.373881,5.30816,5.30816,0,3.560822,0,0,0,0,0,0,71.21642,0,0,0,0,0,0,0.1152779,0,0.005368487,0,0,0,0,0.1146142,0.3341562,0.3341562,0.3431843,0.4024597,0.4515602,0.6745545,1,0,0,0,0,0,0,0,0,0.03595788,0.03631059
0,9.569424,2.373881,5.30816,5.30816,0,4.279575,0,0,0,0,0,0,61.67524,0,0,0,0,0,0,0.0998336,0,0.005642314,0,0,0,0,0.09579463,0.3341562,0.3341562,0.3431843,0.4024597,0.4515602,0.6745545,1,0,0,0,0,0,0,0,0,0.03114044,0.03046301
0,9.642754,2.373881,5.30816,5.30816,0,5.567245,0,35.60821,0,0,0,0,35.60821,0,0.004774583,0,0,0,0,0.05763895,0,0.006170868,0,0,0,0,0.07608506,0.3341562,0.3341562,0.3431843,0.4024597,0.4515602,0.6745545,1,0,0,0,0,0,0,0,0,0.0184766,0.02443787
0,9.421051,2.373881,5.30816,5.30816,0,7.022036,0,123.3505,0,0,0,0,35.60821,0,0.01653964,0,0,0,0,0.05763895,0,0.00693973,0,0,0,0,0.06022223,0.3341562,0.3341562,0.3431843,0.4024597,0.4515602,0.6745545,1,0,0,0,0,0,0,0,0,0.01970289,0.01951135
0,10.87849,2.373881,5.035762,5.035762,0,8.308585,0,94.21048,0,0,0,0,35.60821,0,0.01263236,0,0,0,0,0.05763895,0,0.008124059,0,0.007136925,0,0,0.04619268,0.3341562,0.3341562,0.3431843,0.4024597,0.4515602,0.6745545,1,0,0,0,0,0,0,0,0,0.01929563,0.01615901
0,12.67306,2.373881,4.597001,4.597001,0,9.194004,0,61.67524,0,0,0,0,0,0,0.00826982,0,0,0,0,0,0,0.009465165,0,0.01053782,0,0,0.03761135,0.3341562,0.3341562,0.3431843,0.4024597,0.4515602,0.6745545,1,0,0,0,0,0,0,0,0,0.000861973,0.014117
0,13.63692,2.373881,4.111682,4.111682,0,9.787766,0,35.60821,0,0,0,0,0,0,0.004774583,0,0,0,0,0,0,0.01117923,0,0.01392303,0,0,0.03589271,0.3341562,0.3341562,0.3431843,0.4024597,0.4515602,0.6745545,1,0,0,0,0,0,0,0,0,0.0004976604,0.01419432
0,13.32338,2.373881,3.753435,3.753435,0,10.14123,0,50.35762,0,0,0,0,35.60821,0,0.006752281,0,0,0,0,0.05763895,0,0.01233392,0,0.01645791,0,0,0.04147941,0.3341562,0.3341562,0.3431843,0.4024597,0.4515602,0.6745545,1,0,0,0,0,0,0,0,0,0.01868274,0.01631988
0,11.6296,2.055841,3.140349,3.140349,0,10.21045,0,94.21048,0,35.60821,0,0,0,0,0.01263236,0,0.1162476,0,0,0,0,0.01364492,0,0.01821703,0,0,0.05095145,0.3341562,0.3341562,0.3431843,0.4024597,0.4515602,0.6745545,1,0,0,0,0,0,0,0,0,0.01591001,0.01968841
0,8.392939,1.678587,3.357175,3.357175,0,10.14123,0,142.4329,0,0,0,0,35.60821,0,0.01909833,0,0,0,0,0.05763895,0,0.01533821,0,0.02365035,0.007136925,0,0.06531192,0.3341562,0.3341562,0.3431843,0.4024597,0.4515602,0.6745545,1,0,0,0,0,0,0,0,0,0.01996958,0.02603147
0,3.753435,1.678587,3.560822,3.560822,0,10.00134,0,185.0257,0,0,0,0,61.67524,0,0.02480947,0,0,0,0,0.0998336,0,0.01686052,0,0.03450941,0.02043757,0,0.08576463,0.3341562,0.3341562,0.3431843,0.4024597,0.4515602,0.6745545,1,0,0,0,0,0,0,0,0,0.03372636,0.03581448
0,2.907398,1.678587,3.936636,3.936636,0,10.00134,0,106.8246,0,0,0,0,71.21642,0,0.01432375,0,0,0,0,0.1152779,0,0.01786654,0,0.05134799,0.04056826,0,0.1002558,0.3341562,0.3341562,0.3431843,0.4024597,0.4515602,0.6745545,1,0,0,0,0,0,0,0,0,0.03745086,0.04560479
0,6.2807,1.18694,3.560822,3.560822,0,10.41536,0,170.771,0,0,0,0,79.62239,0,0.0228981,0,0,0,0,0.1288846,0,0.01799931,0,0.07733316,0.0698772,0,0.1098262,0.3341562,0.3341562,0.3431843,0.4024597,0.4515602,0.6745545,1,0,0,0,0,0,0,0,0,0.04258883,0.05652213
0,1.678587,1.18694,3.140349,3.140349,0,11.3227,0,155.2126,0,35.60821,35.60821,0,87.22195,0,0.02081193,0,0.1162476,0.1162476,0,0.141186,0,0.01690672,0,0.1088854,0.1088854,0,0.1190121,0.3341562,0.3341562,0.3431843,0.4024597,0.4515602,0.6745545,1,0,0,0,0,0,0,0,0,0.07717554,0.06797013
0,5.035762,0,2.055841,2.055841,0,12.83873,0,118.0991,0,50.35762,50.35762,0,106.8246,0,0.0158355,0,0.1643989,0.1643989,0,0.1729169,0,0.01707297,0,0.1443664,0.1443664,0,0.1235497,0.3341562,0.3341562,0.3431843,0.4024597,0.4515602,0.6745545,1,0,0,0,0,0,0,0,0,0.09938142,0.07843253
0,8.961206,0,0,0,0,15.20027,0,94.21048,0,61.67524,61.67524,0,50.35762,0,0.01263236,0,0.2013467,0.2013467,0,0.0815138,0,0.01733049,0,0.1753897,0.1753897,0,0.1270926,0.3341562,0.3341562,0.3431843,0.4024597,0.4515602,0.6745545,1,0,0,0,0,0,0,0,0,0.08037927,0.08772371
0,12.04614,1.18694,2.055841,2.055841,0,16.53218,0,79.62239,0,87.22195,87.22195,0,61.67524,0,0.01067629,0,0.2847473,0.2847473,0,0.0998336,0,0.0179687,0,0.1975935,0.1975935,0,0.1333621,0.3341562,0.3341562,0.3431843,0.4024597,0.4515602,0.6745545,1,0,0,0,0,0,0,0,0,0.1081067,0.09556607
0,14.34187,1.678587,5.173754,5.173754,0,16.27452,0,35.60821,0,79.62239,79.62239,0,71.21642,0,0.004774583,0,0.2599375,0.2599375,0,0.1152779,0,0.01787429,0,0.2054115,0.2054115,0,0.1442472,0.3341562,0.3341562,0.3431843,0.4024597,0.4515602,0.6745545,1,0,0,0,0,0,0,0,0,0.1057,0.1015339
0,14.34187,2.055841,7.873274,7.873274,0,15.74656,0,278.1091,0,61.67524,61.67524,0,87.22195,0,0.0372907,0,0.2013467,0.2013467,0,0.141186,0,0.01824252,0,0.1934682,0.1934682,0,0.1609941,0.3341562,0.3341562,0.3431843,0.4024597,0.4515602,0.6745545,1,0,0,0,0,0,0,0,0,0.1015626,0.1035691
0,7.316793,2.373881,7.022036,7.022036,0,15.24654,0,228.0039,0,61.67524,61.67524,0,112.6031,0,0.03057225,0,0.2013467,0.2013467,0,0.1822704,0,0.01931256,0,0.1710611,0.1710611,0,0.1832235,0.3341562,0.3341562,0.3431843,0.4024597,0.4515602,0.6745545,1,0,0,0,0,0,0,0,0,0.1136775,0.1042932
0,7.219878,2.65408,6.391871,6.391871,0,15.15385,0,128.3873,0,50.35762,50.35762,0,128.3873,0,0.01721501,0,0.1643989,0.1643989,0,0.2078203,0,0.02002038,0,0.1465044,0.1465044,0,0.2147434,0.3341562,0.3341562,0.3431843,0.4024597,0.4515602,0.6745545,1,0,0,0,0,0,0,0,0,0.1104124,0.1078822
0,9.642754,2.907398,6.71435,6.71435,0,15.92449,0,61.67524,0,35.60821,35.60821,0,151.0729,0,0.00826982,0,0.1162476,0.1162476,0,0.2445414,0,0.02120789,0,0.1125003,0.1125003,0,0.2407466,0.3341562,0.3341562,0.3431843,0.4024597,0.4515602,0.6745545,1,0,0,0,0,0,0,0,0,0.1081072,0.1071549
0,9.787766,3.140349,7.316793,7.316793,0,17.96169,0,123.3505,0,0,0,0,174.4439,0,0.01653964,0,0,0,0,0.2823721,0,0.0225074,0,0.08038245,0.08038245,0,0.2565072,0.3341562,0.3341562,0.3431843,0.4024597,0.4515602,0.6745545,1,0,0,0,0,0,0,0,0,0.08980242,0.1042107
0,7.873274,3.140349,8.050224,8.050224,0,21.39791,0,213.6493,0,0,0,0,198.2582,0,0.0286475,0,0,0,0,0.3209202,0,0.02229903,0,0.06476253,0.06476253,0,0.2607967,0.3341562,0.3341562,0.3431843,0.4024597,0.4515602,0.6745545,1,0,0,0,0,0,0,0,0,0.1030885,0.1009723
0,8.223367,3.357175,8.64106,8.64106,0,26.24729,0,163.1774,0,35.60821,35.60821,0,222.3733,0,0.02187989,0,0.1162476,0.1162476,0,0.3599552,0,0.02252977,0,0.05787212,0.05787212,0,0.2536636,0.3341562,0.3341562,0.3431843,0.4024597,0.4515602,0.6745545,1,0,0,0,0,0,0,0,0,0.1455261,0.09590078
0,10.00134,3.560822,9.495527,9.495527,0,32.33199,0,236.1982,0,0,0,0,163.1774,0,0.03167101,0,0,0,0,0.2641349,0,0.02287401,0,0.05575654,0.04845555,0,0.2334334,0.3341562,0.3341562,0.3431843,0.4024597,0.4515602,0.6745545,1,0,0,0,0,0,0,0,0,0.08569099,0.08887084
0,14.6336,3.560822,9.421051,9.421051,0,36.42977,0,201.4305,0,0,0,0,106.8246,0,0.02700913,0,0,0,0,0.1729169,0,0.022629,0,0.05537434,0.04461348,0,0.2071289,0.3341562,0.3341562,0.3431843,0.4024597,0.4515602,0.6745545,1,0,0,0,0,0,0,0,0,0.05675202,0.08082893
0,20.2129,3.560822,8.476453,8.476453,0,37.3841,0,167.0173,0,35.60821,35.60821,0,79.62239,0,0.02239478,0,0.1162476,0.1162476,0,0.1288846,0,0.02109434,0,0.06049104,0.04619909,0,0.1836633,0.3341562,0.3341562,0.3431843,0.4024597,0.4515602,0.6745545,1,0,0,0,0,0,0,0,0,0.07350343,0.07413634
0,25.20683,3.560822,7.412442,7.412442,0,37.64698,0,137.91,0,35.60821,35.60821,0,71.21642,0,0.01849188,0,0.1162476,0.1162476,0,0.1152779,0,0.01865402,0,0.05959789,0.04269674,0,0.1679129,0.3341562,0.3341562,0.3431843,0.4024597,0.4515602,0.6745545,1,0,0,0,0,0,0,0,0,0.06885237,0.06813668
0,29.29132,3.560822,6.391871,6.391871,0,37.08139,0,106.8246,0,35.60821,0,0,71.21642,0,0.01432375,0,0.1162476,0,0,0.1152779,0,0.01750653,0,0.04967411,0.03048932,0,0.1626932,0.3341562,0.3341562,0.3431843,0.4024597,0.4515602,0.6745545,1,0,0,0,0,0,0,0,0,0.05204419,0.06331723
0,32.37554,3.357175,5.439245,5.30816,0,35.58858,0,79.62239,0,0,0,0,87.22195,0,0.01067629,0,0,0,0,0.141186,0,0.01667449,0,0.04845556,0.03174995,0,0.1737759,0.3341562,0.3341562,0.3431843,0.4024597,0.4515602,0.6745545,1,0,0,0,0,0,0,0,0,0.04515203,0.06691371
0,34.46232,3.357175,4.441125,4.441125,0,33.12831,0,71.21642,0,0,0,0,112.6031,0,0.009549166,0,0,0,0,0.1822704,0,0.0169605,0,0.0497268,0.03556899,0,0.1994772,0.3341562,0.3341562,0.3431843,0.4024597,0.4515602,0.6745545,1,0,0,0,0,0,0,0,0,0.05784974,0.07565441
0,35.62815,2.907398,3.753435,3.753435,0,29.6736,0,79.62239,0,0,0,0,137.91,0,0.01067629,0,0,0,0,0.2232347,0,0.01825837,0,0.0497268,0.03899417,0,0.2310492,0.3341562,0.3341562,0.3431843,0.4024597,0.4515602,0.6745545,1,0,0,0,0,0,0,0,0,0.07074495,0.08590256
0,35.09026,2.65408,3.140349,3.140349,0,25.20683,0,198.2582,0,0,0,0,167.0173,0,0.02658376,0,0,0,0,0.2703507,0,0.02029332,0,0.04845555,0.04117931,0,0.2518578,0.3341562,0.3341562,0.3431843,0.4024597,0.4515602,0.6745545,1,0,0,0,0,0,0,0,0,0.08709957,0.09249956
0,29.24318,2.65408,3.140349,3.140349,0,19.71896,0,207.6298,0,35.60821,35.60821,0,201.4305,0,0.02784037,0,0.1162476,0.1162476,0,0.3260552,0,0.02269058,0,0.06700297,0.06700297,0,0.2624893,0.3341562,0.3341562,0.3431843,0.4024597,0.4515602,0.6745545,1,0,0,0,0,0,0,0,0,0.1355732,0.10157
0,23.10731,2.373881,3.357175,3.357175,0,13.27041,0,198.2582,0,35.60821,35.60821,0,230.7677,0,0.02658376,0,0.1162476,0.1162476,0,0.3735432,0,0.02610256,0,0.09526558,0.09526558,0,0.259545,0.3341562,0.3341562,0.3431843,0.4024597,0.4515602,0.6745545,1,0,0,0,0,0,0,0,0,0.1502548,0.1078941
0,17.32285,2.373881,3.936636,3.936636,0,6.2807,0,201.4305,0,35.60821,35.60821,0,213.6493,0,0.02700913,0,0.1162476,0.1162476,0,0.3458338,0,0.02958182,0,0.1219321,0.1219321,0,0.2397806,0.3341562,0.3341562,0.3431843,0.4024597,0.4515602,0.6745545,1,0,0,0,0,0,0,0,0,0.1416559,0.108926
0,12.27781,2.373881,4.747762,4.747762,0,4.441125,0,213.6493,0,0,0,0,94.21048,0,0.0286475,0,0,0,0,0.1524983,0,0.03129743,0,0.1302191,0.1302191,0,0.1951607,0.3341562,0.3341562,0.3431843,0.4024597,0.4515602,0.6745545,1,0,0,0,0,0,0,0,0,0.05055378,0.1014216
0,9.787766,2.65408,5.173754,5.173754,0,6.920994,0,222.3733,0,87.22195,87.22195,0,71.21642,0,0.02981727,0,0.2847473,0.2847473,0,0.1152779,0,0.03121556,0,0.1490731,0.1490731,0,0.1510731,0.3341562,0.3341562,0.3431843,0.4024597,0.4515602,0.6745545,1,0,0,0,0,0,0,0,0,0.1149193,0.09019078
0,12.16253,1.678587,2.055841,2.055841,0,8.961206,0,348.888,0,87.22195,87.22195,0,50.35762,0,0.04678119,0,0.2847473,0.2847473,0,0.0815138,0,0.0318091,0,0.1407052,0.1407052,0,0.1103453,0.3341562,0.3341562,0.3431843,0.4024597,0.4515602,0.6745545,1,0,0,0,0,0,0,0,0,0.1061556,0.07492764
0,8.392939,0,1.18694,1.18694,0,10.61632,0,341.5421,0,61.67524,61.67524,0,35.60821,0,0.04579621,0,0.2013467,0.2013467,0,0.05763895,0,0.03109748,0,0.1184947,0.1184947,0,0.0797874,0.3341562,0.3341562,0.3431843,0.4024597,0.4515602,0.6745545,1,0,0,0,0,0,0,0,0,0.07638885,0.05951473
0,15.52127,0,3.357175,3.357175,0,11.6296,0,137.91,0,0,0,0,0,0,0.01849188,0,0,0,0,0,0,0.02925082,0,0.09326999,0.09326999,0,0.06250831,0.3341562,0.3341562,0.3431843,0.4024597,0.4515602,0.6745545,1,0,0,0,0,0,0,0,0,0.00192743,0.04924504
0,20.0027,0,4.747762,4.747762,0,12.04614,0,100.7152,0,0,0,0,0,0,0.01350456,0,0,0,0,0,0,0.02656714,0,0.08842184,0.08842184,0,0.06403591,0.3341562,0.3341562,0.3431843,0.4024597,0.4515602,0.6745545,1,0,0,0,0,0,0,0,0,0.001407596,0.0478324
0,19.32202,1.18694,5.30816,5.30816,0,11.92861,0,291.4659,0,0,0,0,35.60821,0,0.03908166,0,0,0,0,0.05763895,0,0.02317285,0,0.06797051,0.06797051,0,0.07640052,0.3341562,0.3341562,0.3431843,0.4024597,0.4515602,0.6745545,1,0,0,0,0,0,0,0,0,0.02205247,0.04540848
0,16.74387,1.18694,5.035762,5.035762,0,11.3227,0,155.2126,0,0,0,0,61.67524,0,0.02081193,0,0,0,0,0.0998336,0,0.0185516,0,0.05439315,0.05439315,0,0.09817405,0.3341562,0.3341562,0.3431843,0.4024597,0.4515602,0.6745545,1,0,0,0,0,0,0,0,0,0.03330969,0.04759809
0,14.48847,1.678587,4.111682,4.111682,0,10.34751,0,94.21048,0,50.35762,50.35762,0,79.62239,0,0.01263236,0,0.1643989,0.1643989,0,0.1288846,0,0.01412842,0,0.05088057,0.05088057,0,0.1221899,0.3341562,0.3341562,0.3431843,0.4024597,0.4515602,0.6745545,1,0,0,0,0,0,0,0,0,0.08531286,0.05267101
0,11.69001,1.678587,2.907398,2.907398,0,9.345982,0,71.21642,0,50.35762,50.35762,0,100.7152,0,0.009549166,0,0.1643989,0.1643989,0,0.1630276,0,0.01131489,0,0.05088057,0.05088057,0,0.1458414,0.3341562,0.3341562,0.3431843,0.4024597,0.4515602,0.6745545,1,0,0,0,0,0,0,0,0,0.09564149,0.05966571
0,9.715529,2.055841,2.65408,2.65408,0,9.039472,0,35.60821,0,0,0,0,118.0991,0,0.004774583,0,0,0,0,0.1911668,0,0.008797955,0,0.04226425,0.04226425,0,0.162071,0.3341562,0.3341562,0.3431843,0.4024597,0.4515602,0.6745545,1,0,0,0,0,0,0,0,0,0.06012706,0.06307819
0,8.392939,1.678587,2.373881,2.373881,0,10.07153,0,0,0,0,0,0,142.4329,0,0,0,0,0,0,0.2305558,0,0.006111588,0,0.03395698,0.03395698,0,0.1665721,0.3341562,0.3341562,0.3431843,0.4024597,0.4515602,0.6745545,1,0,0,0,0,0,0,0,0,0.07191577,0.06189194
0,7.600129,1.678587,2.055841,2.055841,0,12.948,0,0,0,0,0,0,118.0991,0,0,0,0,0,0,0.1911668,0,0.005233012,0,0.02447769,0.02447769,0,0.1572679,0.3341562,0.3341562,0.3431843,0.4024597,0.4515602,0.6745545,1,0,0,0,0,0,0,0,0,0.05962941,0.05617429
0,7.412442,1.18694,2.055841,2.055841,0,17.03582,0,35.60821,0,0,0,0,100.7152,0,0.004774583,0,0,0,0,0.1630276,0,0.00521472,0,0.009840113,0.009840113,0,0.1387385,0.3341562,0.3341562,0.3431843,0.4024597,0.4515602,0.6745545,1,0,0,0,0,0,0,0,0,0.05134979,0.04625973
0,8.137257,1.18694,2.055841,2.055841,0,20.59268,0,35.60821,0,0,0,0,79.62239,0,0.004774583,0,0,0,0,0.1288846,0,0.005641991,0,0,0,0,0.1127704,0.3341562,0.3341562,0.3431843,0.4024597,0.4515602,0.6745545,1,0,0,0,0,0,0,0,0,0.0406998,0.03556839
0,8.223367,1.18694,2.055841,2.055841,0,23.38006,0,87.22195,0,0,0,0,50.35762,0,0.01169529,0,0,0,0,0.0815138,0,0.005908215,0,0,0,0,0.08670219,0.3341562,0.3341562,0.3431843,0.4024597,0.4515602,0.6745545,1,0,0,0,0,0,0,0,0,0.02664508,0.02776365
0,5.439245,1.18694,2.055841,2.055841,0,25.34617,0,71.21642,0,0,0,0,0,0,0.009549166,0,0,0,0,0,0,0.005993144,0,0,0,0,0.06508687,0.3341562,0.3341562,0.3431843,0.4024597,0.4515602,0.6745545,1,0,0,0,0,0,0,0,0,0.0009953207,0.02130974
0,3.357175,1.18694,2.055841,2.055841,0,26.56739,0,50.35762,0,0,0,0,0,0,0.006752281,0,0,0,0,0,0,0.005574956,0,0,0,0,0.05657657,0.3341562,0.3341562,0.3431843,0.4024597,0.4515602,0.6745545,1,0,0,0,0,0,0,0,0,0.0007037981,0.01848119
0,2.055841,1.18694,1.18694,1.678587,0,26.98829,0,50.35762,0,0,0,0,0,0,0.006752281,0,0,0,0,0,0,0.004571117,0,0,0,0,0.05982431,0.3341562,0.3341562,0.3431843,0.4024597,0.4515602,0.6745545,1,0,0,0,0,0,0,0,0,0.0007037981,0.01943489
0,1.678587,1.678587,1.18694,1.678587,0,26.64681,0,0,0,0,0,0,35.60821,0,0,0,0,0,0,0.05763895,0,0.004031074,0,0,0,0,0.07599463,0.3341562,0.3341562,0.3431843,0.4024597,0.4515602,0.6745545,1,0,0,0,0,0,0,0,0,0.01797894,0.02433134
0,2.65408,0,1.18694,1.18694,0,25.56754,0,0,0,0,0,0,61.67524,0,0,0,0,0,0,0.0998336,0,0.003845399,0,0,0,0,0.1034037,0.3341562,0.3341562,0.3431843,0.4024597,0.4515602,0.6745545,1,0,0,0,0,0,0,0,0,0.03114044,0.03277082
0,3.140349,0,0,0,0,23.76851,0,0,0,0,0,0,87.22195,0,0,0,0,0,0,0.141186,0,0.003979024,0,0,0,0,0.1394219,0.3341562,0.3341562,0.3431843,0.4024597,0.4515602,0.6745545,1,0,0,0,0,0,0,0,0,0.04403923,0.0438579
0,3.753435,0,0,0,0,21.29892,0,0,0,0,0,0,112.6031,0,0,0,0,0,0,0.1822704,0,0.004492894,0,0,0,0,0.1743131,0.3341562,0.3341562,0.3431843,0.4024597,0.4515602,0.6745545,1,0,0,0,0,0,0,0,0,0.05685441,0.05463342
0,3.753435,0,0,0,0,18.31125,0,71.21642,0,0,0,0,137.91,0,0.009549166,0,0,0,0,0.2232347,0,0.005712122,0,0.007136925,0.007136925,0,0.2040112,0.3341562,0.3341562,0.3431843,0.4024597,0.4515602,0.6745545,1,0,0,0,0,0,0,0,0,0.07062747,0.06595911
0,3.753435,0,0,0,0,15.1073,0,106.8246,0,0,0,0,163.1774,0,0.01432375,0,0,0,0,0.2641349,0,0.008006093,0,0.01771027,0.01771027,0,0.2226983,0.3341562,0.3341562,0.3431843,0.4024597,0.4515602,0.6745545,1,0,0,0,0,0,0,0,0,0.08388287,0.07492882
0,5.934703,0,0,0,0,12.39203,0,50.35762,0,0,0,0,174.4439,0,0.006752281,0,0,0,0,0.2823721,0,0.01015473,0,0.0245302,0.0245302,0,0.2293691,0.3341562,0.3341562,0.3431843,0.4024597,0.4515602,0.6745545,1,0,0,0,0,0,0,0,0,0.08878227,0.07911924
0,6.920994,0,0,0,0,11.13449,0,35.60821,0,0,0,0,163.1774,0,0.004774583,0,0,0,0,0.2641349,0,0.01203345,0,0.03048932,0.03048932,0,0.2239768,0.3341562,0.3341562,0.3431843,0.4024597,0.4515602,0.6745545,1,0,0,0,0,0,0,0,0,0.08288755,0.0792022
0,5.439245,0,1.678587,1.678587,0,9.117065,0,106.8246,0,35.60821,35.60821,0,146.8164,0,0.01432375,0,0.1162476,0.1162476,0,0.2376515,0,0.0136226,0,0.03531003,0.03531003,0,0.2068829,0.3341562,0.3341562,0.3431843,0.4024597,0.4515602,0.6745545,1,0,0,0,0,0,0,0,0,0.1065891,0.07496848
0,1.678587,0,1.678587,1.678587,0,9.270305,0,181.567,0,35.60821,35.60821,0,118.0991,0,0.0243457,0,0.1162476,0.1162476,0,0.1911668,0,0.01428374,0,0.03531003,0.03531003,0,0.1780338,0.3341562,0.3341562,0.3431843,0.4024597,0.4515602,0.6745545,1,0,0,0,0,0,0,0,0,0.09313404,0.06609523
0,4.279575,0,2.65408,2.65408,0,10.81355,0,137.91,0,0,0,0,87.22195,0,0.01849188,0,0,0,0,0.141186,0,0.01401033,0,0.04050247,0.04050247,0,0.1458314,0.3341562,0.3341562,0.3431843,0.4024597,0.4515602,0.6745545,1,0,0,0,0,0,0,0,0,0.04596667,0.05797942
0,8.961206,0,3.357175,3.357175,0,12.44874,0,106.8246,0,0,0,0,61.67524,0,0.01432375,0,0,0,0,0.0998336,0,0.01350111,0,0.04935461,0.04935461,0,0.1190185,0.3341562,0.3341562,0.3431843,0.4024597,0.4515602,0.6745545,1,0,0,0,0,0,0,0,0,0.03263342,0.05215494
0,6.052233,0,3.357175,3.357175,0,13.63692,0,100.7152,0,0,0,0,35.60821,0,0.01350456,0,0,0,0,0.05763895,0,0.01215198,0,0.05201465,0.05201465,0,0.1010938,0.3341562,0.3341562,0.3431843,0.4024597,0.4515602,0.6745545,1,0,0,0,0,0,0,0,0,0.01938654,0.04721038
0,4.279575,0,2.65408,2.65408,0,14.04408,0,79.62239,0,0,0,0,0,0,0.01067629,0,0,0,0,0,0,0.009877185,0,0.04957536,0.04957536,0,0.09523784,0.3341562,0.3341562,0.3431843,0.4024597,0.4515602,0.6745545,1,0,0,0,0,0,0,0,0,0.001112802,0.0447016
0,4.279575,0,1.18694,1.18694,0,13.58516,0,35.60821,0,50.35762,50.35762,0,35.60821,0,0.004774583,0,0.1643989,0.1643989,0,0.05763895,0,0.007121064,0,0.05088057,0.05088057,0,0.09760116,0.3341562,0.3341562,0.3431843,0.4024597,0.4515602,0.6745545,1,0,0,0,0,0,0,0,0,0.06227064,0.04445188
0,5.035762,0,0,0,0,12.22031,0,35.60821,0,50.35762,50.35762,0,79.62239,0,0.004774583,0,0.1643989,0.1643989,0,0.1288846,0,0.005409718,0,0.05088057,0.05088057,0,0.1049915,0.3341562,0.3341562,0.3431843,0.4024597,0.4515602,0.6745545,1,0,0,0,0,0,0,0,0,0.08449384,0.0463429
0,5.567245,0,1.678587,1.678587,0,10.07153,0,0,0,0,0,0,94.21048,0,0,0,0,0,0,0.1524983,0,0.004408252,0,0.04226425,0.04226425,0,0.1110227,0.3341562,0.3341562,0.3431843,0.4024597,0.4515602,0.6745545,1,0,0,0,0,0,0,0,0,0.04756781,0.04661227
0,5.567245,0,1.18694,1.18694,0,7.121644,0,0,0,0,0,0,123.3505,0,0,0,0,0,0,0.1996672,0,0.003483775,0,0.03395698,0.03395698,0,0.1162834,0.3341562,0.3341562,0.3431843,0.4024597,0.4515602,0.6745545,1,0,0,0,0,0,0,0,0,0.06228088,0.04578459
0,4.893881,0,1.18694,1.18694,0,4.279575,0,0,0,0,0,0,79.62239,0,0,0,0,0,0,0.1288846,0,0.002956545,0,0.02447769,0.02447769,0,0.1123038,0.3341562,0.3341562,0.3431843,0.4024597,0.4515602,0.6745545,1,0,0,0,0,0,0,0,0,0.04020214,0.0420892
0,3.357175,0,0,1.18694,0,2.907398,0,61.67524,0,0,0,0,61.67524,0,0.00826982,0,0,0,0,0.0998336,0,0.002765825,0,0.009840113,0.009840113,0,0.09913407,0.3341562,0.3341562,0.3431843,0.4024597,0.4515602,0.6745545,1,0,0,0,0,0,0,0,0,0.03200242,0.03394077
0,1.18694,0,1.678587,1.678587,0,2.907398,0,61.67524,0,0,0,0,35.60821,0,0.00826982,0,0,0,0,0.05763895,0,0.002465166,0,0,0,0,0.07860816,0.3341562,0.3341562,0.3431843,0.4024597,0.4515602,0.6745545,1,0,0,0,0,0,0,0,0,0.01884091,0.02490643
0,0,0,1.18694,1.18694,0,3.936636,0,0,0,0,0,0,50.35762,0,0,0,0,0,0,0.0815138,0,0.002212304,0,0,0,0,0.05767134,0.3341562,0.3341562,0.3431843,0.4024597,0.4515602,0.6745545,1,0,0,0,0,0,0,0,0,0.02542607,0.01820761
0,2.055841,0,1.678587,1.678587,0,5.173754,0,0,0,0,0,0,0,0,0,0,0,0,0,0,0,0.001782383,0,0,0,0,0.03585708,0.3341562,0.3341562,0.3431843,0.4024597,0.4515602,0.6745545,1,0,0,0,0,0,0,0,0,0,0.01148654
0,2.907398,0,1.678587,1.678587,0,6.2807,0,0,0,0,0,0,0,0,0,0,0,0,0,0,0,0.001714063,0,0,0,0,0.02142192,0.3341562,0.3341562,0.3431843,0.4024597,0.4515602,0.6745545,1,0,0,0,0,0,0,0,0,0,0.006921422
0,4.279575,0,1.678587,1.678587,0,7.316793,0,0,0,0,0,0,0,0,0,0,0,0,0,0,0,0.001573117,0,0,0,0,0.0110966,0.3341562,0.3341562,0.3431843,0.4024597,0.4515602,0.6745545,1,0,0,0,0,0,0,0,0,0,0.003654972
0,5.439245,0,1.678587,1.678587,0,8.223367,0,0,0,0,0,0,0,0,0,0,0,0,0,0,0,0.002191667,0,0,0,0,0.005069394,0.3341562,0.3341562,0.3431843,0.4024597,0.4515602,0.6745545,1,0,0,0,0,0,0,0,0,0,0.001827631
0,6.501142,0,1.678587,1.678587,0,8.802588,0,0,0,0,0,0,0,0,0,0,0,0,0,0,0,0.003493996,0,0,0,0,0,0.3341562,0.3341562,0.3431843,0.4024597,0.4515602,0.6745545,1,0,0,0,0,0,0,0,0,0,0.0003642202
0,7.962241,0,1.678587,1.678587,0,9.345982,0,50.35762,0,0,0,0,0,0,0.006752281,0,0,0,0,0,0,0.004759495,0,0,0,0,0,0.3341562,0.3341562,0.3431843,0.4024597,0.4515602,0.6745545,1,0,0,0,0,0,0,0,0,0.0007037981,0.0004960737
0,9.270305,0,2.055841,2.055841,0,9.642754,0,50.35762,0,0,0,0,0,0,0.006752281,0,0,0,0,0,0,0.005930969,0,0,0,0,0,0.3341562,0.3341562,0.3431843,0.4024597,0.4515602,0.6745545,1,0,0,0,0,0,0,0,0,0.0007037981,0.0006181812
0,7.692255,0,2.055841,2.055841,0,9.93066,0,87.22195,0,0,0,0,0,0,0.01169529,0,0,0,0,0,0,0.006437337,0,0,0,0,0,0.3341562,0.3341562,0.3431843,0.4024597,0.4515602,0.6745545,1,0,0,0,0,0,0,0,0,0.001219014,0.0006709327
0,5.173754,0,1.678587,1.678587,0,10.14123,0,71.21642,0,0,0,0,0,0,0.009549166,0,0,0,0,0,0,0.006419445,0,0,0,0,0,0.3341562,0.3341562,0.3431843,0.4024597,0.4515602,0.6745545,1,0,0,0,0,0,0,0,0,0.0009953207,0.0006690809
0,3.560822,0,1.678587,1.678587,0,10.48278,0,50.35762,0,0,0,0,0,0,0.006752281,0,0,0,0,0,0,0.005883234,0,0,0,0,0,0.3341562,0.3341562,0.3431843,0.4024597,0.4515602,0.6745545,1,0,0,0,0,0,0,0,0,0.0007037981,0.0006132054
0,3.140349,0,0,0,0,10.68247,0,50.35762,0,0,0,0,0,0,0.006752281,0,0,0,0,0,0,0.004695659,0,0,0,0,0,0.3341562,0.3341562,0.3431843,0.4024597,0.4515602,0.6745545,1,0,0,0,0,0,0,0,0,0.0007037981,0.0004894196
0,3.357175,0,0,0,0,9.569424,0,0,0,0,0,0,0,0,0,0,0,0,0,0,0,0.00385499,0,0,0,0,0,0.3341562,0.3341562,0.3431843,0.4024597,0.4515602,0.6745545,1,0,0,0,0,0,0,0,0,0,0.0004018429
0,3.560822,0,0,0,0,8.223367,0,0,0,0,0,0,0,0,0,0,0,0,0,0,0,0.003285153,0,0,0,0,0,0.3341562,0.3341562,0.3431843,0.4024597,0.4515602,0.6745545,1,0,0,0,0,0,0,0,0,0,0.0003424403
0,3.357175,0,0,0,0,6.818455,0,0,0,0,0,0,0,0,0,0,0,0,0,0,0,0.002767584,0,0,0,0,0,0.3341562,0.3341562,0.3431843,0.4024597,0.4515602,0.6745545,1,0,0,0,0,0,0,0,0,0,0.0002884907
0,3.140349,0,0,0,0,5.567245,0,0,0,0,0,0,0,0,0,0,0,0,0,0,0,0.003310853,0,0,0,0,0,0.3341562,0.3341562,0.3431843,0.4024597,0.4515602,0.6745545,1,0,0,0,0,0,0,0,0,0,0.0003451301
0,2.373881,0,0,0,0,4.441125,0,50.35762,0,0,0,0,0,0,0.006752281,0,0,0,0,0,0,0.003929718,0,0,0,0,0,0.3341562,0.3341562,0.3431843,0.4024597,0.4515602,0.6745545,1,0,0,0,0,0,0,0,0,0.0007037981,0.0004095839
0,2.373881,0,1.18694,1.18694,0,3.357175,0,71.21642,0,0,0,0,0,0,0.009549166,0,0,0,0,0,0,0.004803741,0,0,0,0,0,0.3341562,0.3341562,0.3431843,0.4024597,0.4515602,0.6745545,1,0,0,0,0,0,0,0,0,0.0009953207,0.0005006628
0,3.753435,0,1.18694,1.18694,0,1.678587,0,0,0,0,0,0,0,0,0,0,0,0,0,0,0,0.005177659,0,0,0,0,0,0.3341562,0.3341562,0.3431843,0.4024597,0.4515602,0.6745545,1,0,0,0,0,0,0,0,0,0,0.0005397154
0,3.560822,0,1.18694,1.18694,0,0,0,87.22195,0,0,0,0,0,0,0.01169529,0,0,0,0,0,0,0.005579468,0,0,0,0,0,0.3341562,0.3341562,0.3431843,0.4024597,0.4515602,0.6745545,1,0,0,0,0,0,0,0,0,0.001219014,0.0005815084
0,2.65408,0,1.678587,1.678587,0,0,0,50.35762,0,0,0,0,0,0,0.006752281,0,0,0,0,0,0,0.00578553,0,0,0,0,0,0.3341562,0.3341562,0.3431843,0.4024597,0.4515602,0.6745545,1,0,0,0,0,0,0,0,0,0.0007037981,0.0006030242
0,4.111682,1.678587,1.18694,1.18694,0,0,0,35.60821,0,0,0,0,0,0,0.004774583,0,0,0,0,0,0,0.005802162,0,0,0,0,0,0.3341562,0.3341562,0.3431843,0.4024597,0.4515602,0.6745545,1,0,0,0,0,0,0,0,0,0.0004976604,0.0006047693
0,5.30816,0,1.18694,1.18694,0,2.373881,0,0,0,0,0,0,0,0,0,0,0,0,0,0,0,0.005972143,0,0,0,0,0,0.3341562,0.3341562,0.3431843,0.4024597,0.4515602,0.6745545,1,0,0,0,0,0,0,0,0,0,0.0006225138
0,6.391871,0,0,0,0,3.140349,0,50.35762,0,0,0,0,0,0,0.006752281,0,0,0,0,0,0,0.006797357,0,0,0,0,0,0.3341562,0.3341562,0.3431843,0.4024597,0.4515602,0.6745545,1,0,0,0,0,0,0,0,0,0.0007037981,0.000708491
0,7.219878,0,0,0,0,4.279575,0,50.35762,0,0,0,0,0,0,0.006752281,0,0,0,0,0,0,0.007167634,0,0,0,0,0,0.3341562,0.3341562,0.3431843,0.4024597,0.4515602,0.6745545,1,0,0,0,0,0,0,0,0,0.0007037981,0.0007470856
0,8.308585,0,0,0,0,5.30816,0,71.21642,0,0,0,0,0,0,0.009549166,0,0,0,0,0,0,0.007738659,0,0,0,0,0,0.3341562,0.3341562,0.3431843,0.4024597,0.4515602,0.6745545,1,0,0,0,0,0,0,0,0,0.0009953207,0.0008065948
0,9.345982,0,0,0,0,6.052233,0,79.62239,0,0,0,0,0,0,0.01067629,0,0,0,0,0,0,0.008245111,0,0,0,0,0,0.3341562,0.3341562,0.3431843,0.4024597,0.4515602,0.6745545,1,0,0,0,0,0,0,0,0,0.001112802,0.0008593837
0,7.219878,0,0,0,0,5.173754,0,79.62239,0,0,0,0,0,0,0.01067629,0,0,0,0,0,0,0.008245111,0,0,0,0,0,0.3341562,0.3341562,0.3431843,0.4024597,0.4515602,0.6745545,1,0,0,0,0,0,0,0,0,0.001112802,0.0008593837
0,4.893881,0,0,0,0,4.441125,0,71.21642,0,0,0,0,0,0,0.009549166,0,0,0,0,0,0,0.007438073,0,0,0,0,0,0.3341562,0.3341562,0.3431843,0.4024597,0.4515602,0.6745545,1,0,0,0,0,0,0,0,0,0.0009953207,0.0007752571
0,3.357175,0,0,0,0,3.753435,0,50.35762,0,0,0,0,0,0,0.006752281,0,0,0,0,0,0,0.006724108,0,0,0,0,0,0.3341562,0.3341562,0.3431843,0.4024597,0.4515602,0.6745545,1,0,0,0,0,0,0,0,0,0.0007037981,0.0007008517
0,2.65408,0,0,0,0,3.140349,0,50.35762,0,0,0,0,0,0,0.006752281,0,0,0,0,0,0,0.005475382,0,0,0,0,0,0.3341562,0.3341562,0.3431843,0.4024597,0.4515602,0.6745545,1,0,0,0,0,0,0,0,0,0.0007037981,0.0005706919
0,2.055841,0,0,0,0,2.907398,0,0,0,0,0,0,0,0,0,0,0,0,0,0,0,0.004714593,0,0,0,0,0,0.3341562,0.3341562,0.3431843,0.4024597,0.4515602,0.6745545,1,0,0,0,0,0,0,0,0,0,0.0004914354
0,2.373881,0,0,0,0,2.373881,0,0,0,0,0,0,0,0,0,0,0,0,0,0,0,0.004103875,0,0,0,0,0,0.3341562,0.3341562,0.3431843,0.4024597,0.4515602,0.6745545,1,0,0,0,0,0,0,0,0,0,0.0004277728
0,2.907398,0,0,0,0,2.055841,0,50.35762,0,0,0,0,0,0,0.006752281,0,0,0,0,0,0,0.003544753,0,0,0,0,0,0.3341562,0.3341562,0.3431843,0.4024597,0.4515602,0.6745545,1,0,0,0,0,0,0,0,0,0.0007037981,0.0003694582
0,3.753435,0,0,0,0,2.055841,0,0,0,0,0,0,0,0,0,0,0,0,0,0,0,0.00318721,0,0,0,0,0,0.3341562,0.3341562,0.3431843,0.4024597,0.4515602,0.6745545,1,0,0,0,0,0,0,0,0,0,0.0003322249
0,4.441125,0,0,0,0,2.055841,0,61.67524,0,0,0,0,0,0,0.00826982,0,0,0,0,0,0,0.002786868,0,0,0,0,0,0.3341562,0.3341562,0.3431843,0.4024597,0.4515602,0.6745545,1,0,0,0,0,0,0,0,0,0.000861973,0.0002904567
0,4.597001,0,0,0,0,1.678587,0,35.60821,0,0,0,0,0,0,0.004774583,0,0,0,0,0,0,0.00298211,0,0,0,0,0,0.3341562,0.3341562,0.3431843,0.4024597,0.4515602,0.6745545,1,0,0,0,0,0,0,0,0,0.0004976604,0.0003108235
0,5.173754,0,0,0,0,1.678587,0,0,0,0,0,0,0,0,0,0,0,0,0,0,0,0.003359688,0,0,0,0,0,0.3341562,0.3341562,0.3431843,0.4024597,0.4515602,0.6745545,1,0,0,0,0,0,0,0,0,0,0.000350206
0,5.567245,0,0,0,0,1.18694,0,0,0,0,0,0,0,0,0,0,0,0,0,0,0,0.003068963,0,0,0,0,0,0.3341562,0.3341562,0.3431843,0.4024597,0.4515602,0.6745545,1,0,0,0,0,0,0,0,0,0,0.0003199049
0,5.439245,0,0,0,0,1.678587,0,0,0,0,0,0,0,0,0,0,0,0,0,0,0,0.003113635,0,0,0,0,0,0.3341562,0.3341562,0.3431843,0.4024597,0.4515602,0.6745545,1,0,0,0,0,0,0,0,0,0,0.0003245629
0,4.441125,0,0,0,0,2.65408,0,50.35762,0,0,0,0,0,0,0.006752281,0,0,0,0,0,0,0.002718654,0,0,0,0,0,0.3341562,0.3341562,0.3431843,0.4024597,0.4515602,0.6745545,1,0,0,0,0,0,0,0,0,0.0007037981,0.0002833538
0,2.907398,0,0,0,0,3.357175,0,71.21642,0,0,0,0,0,0,0.009549166,0,0,0,0,0,0,0.002441309,0,0,0,0,0.003607004,0.3341562,0.3341562,0.3431843,0.4024597,0.4515602,0.6745545,1,0,0,0,0,0,0,0,0,0.0009953207,0.001385966
0,1.18694,0,0,0,0,4.279575,0,0,0,0,0,0,0,0,0,0,0,0,0,0,0,0.002211524,0,0,0,0,0.01039956,0.3341562,0.3341562,0.3431843,0.4024597,0.4515602,0.6745545,1,0,0,0,0,0,0,0,0,0,0.003499256
0,1.18694,0,0,0,0,5.567245,0,0,0,0,0,0,0,0,0,0,0,0,0,0,0,0.001798286,0,0,0,0,0.0196169,0.3341562,0.3341562,0.3431843,0.4024597,0.4515602,0.6745545,1,0,0,0,0,0,0,0,0,0,0.006351031
0,1.18694,0,0,0,0,6.920994,0,0,0,0,0,0,0,0,0,0,0,0,0,0,0,0.001312163,0,0,0,0,0.02573257,0.3341562,0.3341562,0.3431843,0.4024597,0.4515602,0.6745545,1,0,0,0,0,0,0,0,0,0,0.008216734
0,1.678587,0,0,0,0,7.600129,0,0,0,0,0,0,35.60821,0,0,0,0,0,0,0.05763895,0,0.0006012102,0,0,0,0,0.03436964,0.3341562,0.3341562,0.3431843,0.4024597,0.4515602,0.6745545,1,0,0,0,0,0,0,0,0,0.01797894,0.01075427
0,2.373881,0,0,0,0,6.608606,0,0,0,0,0,0,50.35762,0,0,0,0,0,0,0.0815138,0,0,0,0,0,0,0.03823154,0.3341562,0.3341562,0.3431843,0.4024597,0.4515602,0.6745545,1,0,0,0,0,0,0,0,0,0.02542607,0.01186084
0,2.65408,0,0,0,0,6.052233,0,0,0,0,0,0,50.35762,0,0,0,0,0,0,0.0815138,0,0.0007952243,0,0,0,0,0.03866278,0.3341562,0.3341562,0.3431843,0.4024597,0.4515602,0.6745545,1,0,0,0,0,0,0,0,0,0.02542607,0.01207846
0,3.140349,0,0,0,0,5.934703,0,0,0,0,0,0,0,0,0,0,0,0,0,0,0,0.001845419,0,0,0,0,0.03531634,0.3341562,0.3341562,0.3431843,0.4024597,0.4515602,0.6745545,1,0,0,0,0,0,0,0,0,0,0.01126433
0,3.560822,0,0,0,0,6.167525,0,0,0,0,0,0,35.60821,0,0,0,0,0,0,0.05763895,0,0.002841305,0,0,0,0,0.03012933,0.3341562,0.3341562,0.3431843,0.4024597,0.4515602,0.6745545,1,0,0,0,0,0,0,0,0,0.01797894,0.009665627
0,4.111682,0,0,0,0,6.608606,0,0,0,0,0,0,0,0,0,0,0,0,0,0,0,0.003582727,0,0,0,0,0.02089727,0.3341562,0.3341562,0.3431843,0.4024597,0.4515602,0.6745545,1,0,0,0,0,0,0,0,0,0,0.006936995
0,4.111682,0,0,0,0,7.316793,0,94.21048,0,0,0,0,0,0,0.01263236,0,0,0,0,0,0,0.004068154,0,0,0,0,0.01210764,0.3341562,0.3341562,0.3431843,0.4024597,0.4515602,0.6745545,1,0,0,0,0,0,0,0,0,0.001316685,0.004227659
0,0,0,0,0,0,7.962241,0,79.62239,0,0,0,0,0,0,0.01067629,0,0,0,0,0,0,0.004458579,0,0,0,0,0.01039957,0.3341562,0.3341562,0.3431843,0.4024597,0.4515602,0.6745545,1,0,0,0,0,0,0,0,0,0.001112802,0.003733578
0,1.18694,0,1.18694,1.18694,0,8.64106,0,35.60821,0,0,0,0,0,0,0.004774583,0,0,0,0,0,0,0.004943348,0,0,0,0,0.0110966,0.3341562,0.3341562,0.3431843,0.4024597,0.4515602,0.6745545,1,0,0,0,0,0,0,0,0,0.0004976604,0.004006377
0,2.907398,0,1.18694,1.18694,0,9.421051,0,0,0,0,0,0,0,0,0,0,0,0,0,0,0,0.005052432,0,0,0,0,0.01349861,0.3341562,0.3341562,0.3431843,0.4024597,0.4515602,0.6745545,1,0,0,0,0,0,0,0,0,0,0.004773227
0,3.357175,0,1.18694,1.18694,0,10.27921,0,0,0,0,0,0,0,0,0,0,0,0,0,0,0,0.005117967,0,0,0,0,0.02064048,0.3341562,0.3341562,0.3431843,0.4024597,0.4515602,0.6745545,1,0,0,0,0,0,0,0,0,0,0.007015083
0,2.65408,0,0,1.18694,0,11.13449,0,35.60821,0,0,0,0,50.35762,0,0.004774583,0,0,0,0,0.0815138,0,0.0047239,0,0,0,0,0.02874569,0.3341562,0.3341562,0.3431843,0.4024597,0.4515602,0.6745545,1,0,0,0,0,0,0,0,0,0.02592373,0.009400716
0,1.678587,0,0,1.18694,0,12.10447,0,79.62239,0,0,0,0,0,0,0.01067629,0,0,0,0,0,0,0.004348983,0,0,0,0,0.03755078,0.3341562,0.3341562,0.3431843,0.4024597,0.4515602,0.6745545,1,0,0,0,0,0,0,0,0,0.001112802,0.01221404
0,2.373881,0,0,1.18694,0,11.69001,0,35.60821,0,0,0,0,35.60821,0,0.004774583,0,0,0,0,0.05763895,0,0.004141237,0,0,0,0,0.04703556,0.3341562,0.3341562,0.3431843,0.4024597,0.4515602,0.6745545,1,0,0,0,0,0,0,0,0,0.0184766,0.01507985
0,2.907398,0,0,0,0,10.74821,0,35.60821,0,0,0,0,35.60821,0,0.004774583,0,0,0,0,0.05763895,0,0.003867942,0,0,0,0,0.05586556,0.3341562,0.3341562,0.3431843,0.4024597,0.4515602,0.6745545,1,0,0,0,0,0,0,0,0,0.0184766,0.01781262
0,1.18694,0,0,0,0,9.642754,0,35.60821,0,0,0,0,35.60821,0,0.004774583,0,0,0,0,0.05763895,0,0.003301253,0,0,0,0,0.06507444,0.3341562,0.3341562,0.3431843,0.4024597,0.4515602,0.6745545,1,0,0,0,0,0,0,0,0,0.0184766,0.02063543
0,0,0,0,0,0,8.476453,0,0,0,0,0,0,50.35762,0,0,0,0,0,0,0.0815138,0,0.002393103,0,0,0,0,0.07069192,0.3341562,0.3341562,0.3431843,0.4024597,0.4515602,0.6745545,1,0,0,0,0,0,0,0,0,0.02542607,0.02228249
0,1.18694,0,0,0,0,7.316793,0,0,0,0,0,0,50.35762,0,0,0,0,0,0,0.0815138,0,0.001329782,0,0,0,0,0.08178772,0.3341562,0.3341562,0.3431843,0.4024597,0.4515602,0.6745545,1,0,0,0,0,0,0,0,0,0.02542607,0.0256524
0,1.678587,0,0,1.18694,0,5.934703,0,0,0,0,0,0,50.35762,0,0,0,0,0,0,0.0815138,0,0.0007441985,0,0,0,0,0.09081805,0.3341562,0.3341562,0.3431843,0.4024597,0.4515602,0.6745545,1,0,0,0,0,0,0,0,0,0.02542607,0.02841542
0,2.373881,0,0,0,0,5.035762,0,0,0,0,0,0,61.67524,0,0,0,0,0,0,0.0998336,0,0.0006012889,0,0,0,0,0.09681696,0.3341562,0.3341562,0.3431843,0.4024597,0.4515602,0.6745545,1,0,0,0,0,0,0,0,0,0.03114044,0.03026426
0,2.65408,0,0,0,0,4.597001,0,0,0,0,0,0,61.67524,0,0,0,0,0,0,0.0998336,0,0.0007441985,0,0,0,0,0.1022927,0.3341562,0.3341562,0.3431843,0.4024597,0.4515602,0.6745545,1,0,0,0,0,0,0,0,0,0.03114044,0.03199002
0,2.373881,0,0,0,0,5.173754,0,0,0,0,0,0,79.62239,0,0,0,0,0,0,0.1288846,0,0.001329782,0,0,0,0,0.1040544,0.3341562,0.3341562,0.3431843,0.4024597,0.4515602,0.6745545,1,0,0,0,0,0,0,0,0,0.04020214,0.03258558
0,2.055841,0,0,0,0,6.920994,0,0,0,0,0,0,87.22195,0,0,0,0,0,0,0.141186,0,0.001720923,0,0,0,0,0.1037742,0.3341562,0.3341562,0.3431843,0.4024597,0.4515602,0.6745545,1,0,0,0,0,0,0,0,0,0.04403923,0.03253173
0,1.678587,0,0,0,0,9.421051,0,35.60821,0,0,0,0,50.35762,0,0.004774583,0,0,0,0,0.0815138,0,0.00200878,0,0,0,0,0.09636236,0.3341562,0.3341562,0.3431843,0.4024597,0.4515602,0.6745545,1,0,0,0,0,0,0,0,0,0.02592373,0.03026297
0,1.18694,0,0,0,0,11.07105,0,35.60821,0,0,0,0,61.67524,0,0.004774583,0,0,0,0,0.0998336,0,0.002114985,0,0,0,0,0.08471823,0.3341562,0.3341562,0.3431843,0.4024597,0.4515602,0.6745545,1,0,0,0,0,0,0,0,0,0.0316381,0.02658148
0,1.678587,0,0,0,0,11.86941,0,35.60821,0,0,0,0,50.35762,0,0.004774583,0,0,0,0,0.0815138,0,0.00200878,0,0,0,0,0.07018328,0.3341562,0.3341562,0.3431843,0.4024597,0.4515602,0.6745545,1,0,0,0,0,0,0,0,0,0.02592373,0.02204771
0,2.65408,0,0,0,0,12.83873,0,0,0,0,0,0,50.35762,0,0,0,0,0,0,0.0815138,0,0.001720923,0,0,0,0,0.05325869,0.3341562,0.3341562,0.3431843,0.4024597,0.4515602,0.6745545,1,0,0,0,0,0,0,0,0,0.02542607,0.01672042
0,2.055841,0,0,0,0,13.89279,0,0,0,0,0,0,0,0,0,0,0,0,0,0,0,0.001329782,0,0,0,0,0.03589987,0.3341562,0.3341562,0.3431843,0.4024597,0.4515602,0.6745545,1,0,0,0,0,0,0,0,0,0,0.01142527
0,2.055841,0,0,0,0,14.82489,0,0,0,0,0,0,0,0,0,0,0,0,0,0,0,0.0007441985,0,0,0,0,0.02359743,0.3341562,0.3341562,0.3431843,0.4024597,0.4515602,0.6745545,1,0,0,0,0,0,0,0,0,0,0.007510949
0,0,0,0,0,0,15.61178,0,0,0,0,0,0,0,0,0,0,0,0,0,0,0,0.0003006436,0,0,0,0,0.02472127,0.3341562,0.3341562,0.3431843,0.4024597,0.4515602,0.6745545,1,0,0,0,0,0,0,0,0,0,0.008043026
0,0,0,0,0,0,16.18773,0,0,0,0,0,0,0,0,0,0,0,0,0,0,0,0,0,0,0,0,0.04144827,0.3341562,0.3341562,0.3431843,0.4024597,0.4515602,0.6745545,1,0,0,0,0,0,0,0,0,0,0.01466728
0,0,0,0,0,0,16.57474,0,0,0,0,0,0,0,0,0,0,0,0,0,0,0,0,0,0,0,0,0.07120189,0.3341562,0.3341562,0.3431843,0.4024597,0.4515602,0.6745545,1,0,0,0,0,0,0,0,0,0,0.02596734
0,0,0,0,0,0,16.74387,0,0,0,0,0,0,0,0,0,0,0,0,0,0,0,0,0,0,0,0,0.1174092,0.3341562,0.3341562,0.3431843,0.4024597,0.4515602,0.6745545,1,0,0,0,0,0,0,0,0,0,0.04246061
0,1.18694,0,1.678587,1.678587,0,16.78589,0,0,0,0,0,0,128.3873,0,0,0,0,0,0,0.2078203,0,0,0,0,0,0,0.2008777,0.3341562,0.3341562,0.3431843,0.4024597,0.4515602,0.6745545,1,0,0,0,0,0,0,0,0,0.06482401,0.06235186
0,1.678587,0,1.678587,1.678587,0,19.21233,0,0,0,0,0,0,228.0039,0,0,0,0,0,0,0.3690695,0,0,0,0,0,0,0.2833073,0.3341562,0.3341562,0.3431843,0.4024597,0.4515602,0.6745545,1,0,0,0,0,0,0,0,0,0.1151214,0.08305839
0,1.678587,0,2.65408,2.65408,0,25.34617,0,0,0,0,0,0,244.1177,0,0,0,0,0,0,0.3951529,0,0,0,0,0,0,0.3413946,0.3341562,0.3341562,0.3431843,0.4024597,0.4515602,0.6745545,1,0,0,0,0,0,0,0,0,0.1232575,0.1022768
0,2.055841,0,3.140349,3.140349,0,32.74334,0,0,0,0,0,0,256.7745,0,0,0,0,0,0,0.4156405,0,0,0,0,0,0,0.3899022,0.3341562,0.3341562,0.3431843,0.4024597,0.4515602,0.6745545,1,0,0,0,0,0,0,0,0,0.129648,0.1192955
0,2.65408,0,3.357175,3.357175,0,40.92818,0,0,0,0,0,0,268.8362,0,0,0,0,0,0,0.4351647,0,0,0,0,0,0,0.4282846,0.3341562,0.3341562,0.3431843,0.4024597,0.4515602,0.6745545,1,0,0,0,0,0,0,0,0,0.1357381,0.1332316
0,3.140349,0,3.357175,3.357175,0,49.73876,0,0,0,0,0,0,284.8658,0,0,0,0,0,0,0.4611118,0,0,0,0,0,0,0.4513268,0.3341562,0.3341562,0.3431843,0.4024597,0.4515602,0.6745545,1,0,0,0,0,0,0,0,0,0.1438316,0.1407458
0,3.936636,1.18694,3.140349,3.140349,0,59.13372,0,0,0,0,0,0,297.9198,0,0,0,0,0,0,0.4822423,0,0,0,0,0,0,0.464499,0.3341562,0.3341562,0.3431843,0.4024597,0.4515602,0.6745545,1,0,0,0,0,0,0,0,0,0.1504227,0.1448502
0,4.441125,1.18694,2.907398,2.907398,0,69.07865,0,0,0,0,0,0,310.4253,0,0,0,0,0,0,0.502485,0,0,0,0,0,0,0.4752696,0.3341562,0.3341562,0.3431843,0.4024597,0.4515602,0.6745545,1,0,0,0,0,0,0,0,0,0.1567369,0.1482107
0,5.173754,1.18694,3.140349,3.140349,0,79.45589,0,0,0,0,0,0,310.4253,0,0,0,0,0,0,0.502485,0,0,0,0,0,0,0.4842219,0.3341562,0.3341562,0.3431843,0.4024597,0.4515602,0.6745545,1,0,0,0,0,0,0,0,0,0.1567369,0.1510229
