vRoot,vBones#srfBind_Cn_Pelvis,vBones#srfBind_Cn_SpineA,vBones#srfBind_Cn_SpineB,vBones#srfBind_Cn_SpineC,vBones#srfBind_Cn_Neck,vBones#srfBind_Cn_Head,vBones#Bone_Eye_L,vBones#srfBind_Lf_Eye,vBones#Bone_Eye_R,vBones#srfBind_Rt_Eye,vBones#srfBind_Lf_ArmA,vBones#srfBind_Lf_ArmB,vBones#srfBind_Lf_ArmD,vBones#Hand_L,vBones#srfBind_Rt_ArmA,vBones#srfBind_Rt_ArmB,vBones#srfBind_Rt_ArmD,vBones#Hand_R,vBones#srfBind_Lf_LegA,vBones#srfBind_Lf_LegC,vBones#srfBind_Lf_FootA,vBones#srfBind_Rt_LegA,vBones#srfBind_Rt_LegC,vBones#srfBind_Rt_FootA,aRoot,aBones#srfBind_Cn_Pelvis,aBones#srfBind_Cn_SpineA,aBones#srfBind_Cn_SpineB,aBones#srfBind_Cn_SpineC,aBones#srfBind_Cn_Neck,aBones#srfBind_Cn_Head,aBones#Bone_Eye_L,aBones#srfBind_Lf_Eye,aBones#Bone_Eye_R,aBones#srfBind_Rt_Eye,aBones#srfBind_Lf_ArmA,aBones#srfBind_Lf_ArmB,aBones#srfBind_Lf_ArmD,aBones#Hand_L,aBones#srfBind_Rt_ArmA,aBones#srfBind_Rt_ArmB,aBones#srfBind_Rt_ArmD,aBones#Hand_R,aBones#srfBind_Lf_LegA,aBones#srfBind_Lf_LegC,aBones#srfBind_Lf_FootA,aBones#srfBind_Rt_LegA,aBones#srfBind_Rt_LegC,aBones#srfBind_Rt_FootA,p0Root,p0Bones#srfBind_Cn_Pelvis,p0Bones#srfBind_Cn_SpineA,p0Bones#srfBind_Cn_SpineB,p0Bones#srfBind_Cn_SpineC,p0Bones#srfBind_Cn_Neck,p0Bones#srfBind_Cn_Head,p0Bones#Bone_Eye_L,p0Bones#srfBind_Lf_Eye,p0Bones#Bone_Eye_R,p0Bones#srfBind_Rt_Eye,p0Bones#srfBind_Lf_ArmA,p0Bones#srfBind_Lf_ArmB,p0Bones#srfBind_Lf_ArmD,p0Bones#Hand_L,p0Bones#srfBind_Rt_ArmA,p0Bones#srfBind_Rt_ArmB,p0Bones#srfBind_Rt_ArmD,p0Bones#Hand_R,p0Bones#srfBind_Lf_LegA,p0Bones#srfBind_Lf_LegC,p0Bones#srfBind_Lf_FootA,p0Bones#srfBind_Rt_LegA,p0Bones#srfBind_Rt_LegC,p0Bones#srfBind_Rt_FootA,pRoot,pBones#srfBind_Cn_Pelvis,pBones#srfBind_Cn_SpineA,pBones#srfBind_Cn_SpineB,pBones#srfBind_Cn_SpineC,pBones#srfBind_Cn_Neck,pBones#srfBind_Cn_Head,pBones#Bone_Eye_L,pBones#srfBind_Lf_Eye,pBones#Bone_Eye_R,pBones#srfBind_Rt_Eye,pBones#srfBind_Lf_ArmA,pBones#srfBind_Lf_ArmB,pBones#srfBind_Lf_ArmD,pBones#Hand_L,pBones#srfBind_Rt_ArmA,pBones#srfBind_Rt_ArmB,pBones#srfBind_Rt_ArmD,pBones#Hand_R,pBones#srfBind_Lf_LegA,pBones#srfBind_Lf_LegC,pBones#srfBind_Lf_FootA,pBones#srfBind_Rt_LegA,pBones#srfBind_Rt_LegC,pBones#srfBind_Rt_FootA,wRoot,wBones#srfBind_Cn_Pelvis,wBones#srfBind_Cn_SpineA,wBones#srfBind_Cn_SpineB,wBones#srfBind_Cn_SpineC,wBones#srfBind_Cn_Neck,wBones#srfBind_Cn_Head,wBones#Bone_Eye_L,wBones#srfBind_Lf_Eye,wBones#Bone_Eye_R,wBones#srfBind_Rt_Eye,wBones#srfBind_Lf_ArmA,wBones#srfBind_Lf_ArmB,wBones#srfBind_Lf_ArmD,wBones#Hand_L,wBones#srfBind_Rt_ArmA,wBones#srfBind_Rt_ArmB,wBones#srfBind_Rt_ArmD,wBones#Hand_R,wBones#srfBind_Lf_LegA,wBones#srfBind_Lf_LegC,wBones#srfBind_Lf_FootA,wBones#srfBind_Rt_LegA,wBones#srfBind_Rt_LegC,wBones#srfBind_Rt_FootA,pEndEff#Hand_L,pEndEff#Hand_R,pEndEff#srfBind_Lf_FootA,pEndEff#srfBind_Rt_FootA,wEndEff#Hand_L,wEndEff#Hand_R,wEndEff#srfBind_Lf_FootA,wEndEff#srfBind_Rt_FootA,p0,p
0,54.84443,14.91962,21.59452,21.59452,21.4308,25.15087,13.42871,0,13.37615,0,0,111.6089,45.69369,38.93475,0,55.02395,14.14404,12.67306,129.444,29.79206,62.80786,162.9766,214.1746,224.8831,16.43272,1765.414,746.9258,721.0129,721.0129,556.2188,822.8524,434.654,0,436.1101,0,0,1308.338,613.6617,106.8246,0,466.9977,151.0729,87.22195,2326.604,1170.753,483.0138,2066.231,3066.764,2731.255,0.5310638,0.4814587,1,0.5588015,0.5588015,0.1464134,0.1645124,0.1774063,0,0.1779255,0,0,0.2737626,0.2598318,0.02302938,0,0.04937377,0.0231689,0.01108904,0.650501,0.3381504,0.09219214,0.3862617,0.4583502,0.4147098,0.4948352,0.4351205,0.89638,0.5120443,0.5120443,0.1375827,0.1513596,0.1593094,0,0.1604388,0,0,0.2490201,0.2618512,0.03656382,0,0.0447244,0.02059458,0.01743553,0.5931055,0.3055593,0.09412526,0.3599483,0.4519028,0.4024657,0.8984216,0.8984216,0.4291652,0.2701773,4.214603,0.4824601,1.633061,1.272807E-06,0,0.0003961672,0,0.06507815,0.7664354,0.8350285,0,0.06507775,0.7664347,0.848224,0,1.416395,1.280006,0.4274615,1.416404,1.280005,1.294025,0,0,0,0,0,0,0,0,0.400919,0.3718497
0,54.84443,14.91962,21.59452,21.59452,21.4308,25.15087,13.42871,0,13.37615,0,0,111.6089,45.69369,38.93475,0,55.02395,14.14404,12.67306,129.444,29.79206,62.80786,162.9766,214.1746,224.8831,16.43272,1765.414,746.9258,721.0129,721.0129,556.2188,822.8524,434.654,0,436.1101,0,0,1308.338,613.6617,106.8246,0,466.9977,151.0729,87.22195,2326.604,1170.753,483.0138,2066.231,3066.764,2731.255,0.5310638,0.4814587,1,0.5588015,0.5588015,0.1464134,0.1645124,0.1774063,0,0.1779255,0,0,0.2737626,0.2598318,0.02302938,0,0.04937377,0.0231689,0.01108904,0.650501,0.3381504,0.09219214,0.3862617,0.4583502,0.4147098,0.453127,0.3706315,0.7240249,0.4210777,0.4210777,0.1172565,0.1264505,0.1237843,0,0.1254653,0,0,0.205301,0.2511555,0.07596951,0,0.04624162,0.01794773,0.04186848,0.5130885,0.2679595,0.09429152,0.3180932,0.433087,0.3812196,0.8984216,0.8984216,0.4291652,0.2701773,4.214603,0.4824601,1.633061,1.272807E-06,0,0.0003961672,0,0.06507815,0.7664354,0.8350285,0,0.06507775,0.7664347,0.848224,0,1.416395,1.280006,0.4274615,1.416404,1.280005,1.294025,0,0,0,0,0,0,0,0,0.400919,0.3229253
0,38.22263,11.07105,7.873274,7.873274,9.270305,25.53997,1.18694,0,1.18694,0,0,75.36055,65.99106,35.31039,0,70.2015,19.21233,15.70176,87.82796,9.117065,53.9117,138.5208,111.9429,134.4843,6.343513,236.1982,50.35762,178.0411,178.0411,254.2936,230.7677,35.60821,0,50.35762,0,0,244.1177,656.5841,671.8556,0,71.21642,0,536.4924,479.0599,155.2126,574.166,799.4044,2678.514,2005.504,0.2050062,0.06441532,0.06741984,0.1379859,0.1379859,0.06693765,0.04613724,0.01453368,0,0.02054505,0,0,0.05108029,0.2780057,0.1448394,0,0.007529422,0,0.06820744,0.1339416,0.0448303,0.1095902,0.1494408,0.4003234,0.3045129,0.3729514,0.2594712,0.4497334,0.2772211,0.2772211,0.08627059,0.09784791,0.07083125,0,0.07233658,0,0,0.1375227,0.2139587,0.1203493,0,0.06373735,0.02428716,0.08871635,0.3742056,0.2021412,0.08421422,0.2475853,0.4047834,0.3215645,0.8984216,0.8984216,0.4291652,0.2701773,4.214603,0.4824601,1.633061,1.272807E-06,0,0.0003961672,0,0.06507815,0.7664354,0.8350285,0,0.06507775,0.7664347,0.848224,0,1.416395,1.280006,0.4274615,1.416404,1.280005,1.294025,0,0,0,0,0,0,0,0,0.1392944,0.2420822
0,34.66613,10.61632,10.74821,10.74821,11.07105,32.91499,2.65408,0,2.907398,0,0,69.70805,87.41792,57.69868,0,68.76178,20.52415,1.678587,72.85089,14.34187,47.67049,124.8276,22.70755,93.53047,14.90673,1166.413,284.8658,207.6298,207.6298,163.1774,293.633,50.35762,0,50.35762,0,0,492.1158,343.3933,1186.888,0,991.9339,146.8164,1367.569,1598.424,1014.682,399.7014,1317.994,2321.967,2197.677,0.4817477,0.3181009,0.3813844,0.1609179,0.1609179,0.04295315,0.05870587,0.02055373,0,0.02054505,0,0,0.1029725,0.1453969,0.2558706,0,0.1048731,0.02251613,0.1738672,0.4469075,0.2930721,0.07629044,0.246386,0.3470348,0.3336921,0.3664953,0.2152539,0.2715708,0.1758459,0.1758459,0.06487824,0.08464982,0.03664401,0,0.03669454,0,0,0.120531,0.1575654,0.1744759,0,0.09477531,0.04178201,0.1251241,0.3342526,0.2008389,0.06229259,0.2235752,0.3792706,0.2867565,0.8984216,0.8984216,0.4291652,0.2701773,4.214603,0.4824601,1.633061,1.272807E-06,0,0.0003961672,0,0.06507815,0.7664354,0.8350285,0,0.06507775,0.7664347,0.848224,0,1.416395,1.280006,0.4274615,1.416404,1.280005,1.294025,0,0,0,0,0,0,0,0,0.2222246,0.2001198
0,41.79675,1.678587,7.506873,7.506873,13.05635,27.96254,4.747762,0,4.747762,0,0,69.06846,98.79793,97.28169,0,64.31516,15.65683,47.70004,77.58071,19.4673,36.64185,120.3094,54.72871,120.8295,5.720046,225.2062,61.67524,106.8246,106.8246,191.7561,656.5841,50.35762,0,35.60821,0,0,273.512,50.35762,314.4833,0,1827.18,678.4288,1673.983,431.727,291.4659,0,686.7876,2495.432,454.6156,0.1848574,0.0614176,0.08257211,0.08279156,0.08279156,0.05047593,0.1312705,0.02055373,0,0.01452755,0,0,0.05723088,0.02132203,0.06779666,0,0.1931803,0.1040455,0.2128233,0.1207076,0.08418453,0,0.1283882,0.3729605,0.06902817,0.3429032,0.1643596,0.1197672,0.1264553,0.1264553,0.05679569,0.09076876,0.01988484,0,0.01853922,0,0,0.1681148,0.1084584,0.2089061,0,0.1169754,0.06077993,0.144026,0.2910159,0.2256065,0.04094367,0.2055892,0.3583444,0.2669652,0.8984216,0.8984216,0.4291652,0.2701773,4.214603,0.4824601,1.633061,1.272807E-06,0,0.0003961672,0,0.06507815,0.7664354,0.8350285,0,0.06507775,0.7664347,0.848224,0,1.416395,1.280006,0.4274615,1.416404,1.280005,1.294025,0,0,0,0,0,0,0,0,0.1136502,0.1775438
0,45.87831,2.373881,6.501142,6.501142,13.68847,16.70175,6.608606,0,6.608606,0,0,70.37188,99.9535,102.6175,0,52.56201,6.818455,8.050224,65.78792,9.642754,37.77773,101.0959,137.8988,105.6152,16.78421,916.1795,0,128.3873,128.3873,280.3795,332.1314,50.35762,0,50.35762,0,0,1364.32,291.4659,1643.791,0,828.2281,503.5767,246.701,1816.042,1149.991,106.8246,1771.15,2458.315,2752.53,0.5424232,0.2498579,0,0.09950309,0.09950309,0.07380423,0.06640285,0.02055373,0,0.02054505,0,0,0.2854766,0.1234102,0.3543702,0,0.08756519,0.07722975,0.03136455,0.5077518,0.3321538,0.02038946,0.3310992,0.367413,0.4179401,0.3574879,0.1666152,0.0607254,0.1849297,0.1849297,0.09225646,0.1313747,0.02055373,0,0.01920783,0,0,0.3070262,0.09078553,0.2308291,0,0.1402429,0.06008906,0.1249455,0.3005709,0.2972771,0.04477077,0.2251207,0.3317783,0.3410492,0.8984216,0.8984216,0.4291652,0.2701773,4.214603,0.4824601,1.633061,1.272807E-06,0,0.0003961672,0,0.06507815,0.7664354,0.8350285,0,0.06507775,0.7664347,0.848224,0,1.416395,1.280006,0.4274615,1.416404,1.280005,1.294025,0,0,0,0,0,0,0,0,0.2275964,0.2107702
0,28.5854,3.140349,4.441125,4.441125,22.70755,21.56188,8.64106,0,8.559152,0,0,111.9681,91.04185,48.52,0,60.07919,9.787766,0,32.17912,28.61003,39.70511,75.39793,219.5507,61.38985,8.608627,347.0661,0,297.9198,297.9198,225.2062,633.9872,50.35762,0,50.35762,0,0,2453.409,228.0039,1444.67,0,764.5425,230.7677,1408.675,764.5425,1670.951,343.3933,859.7768,1853.363,2554.195,0.278209,0.09465091,0,0.2308947,0.2308947,0.05928098,0.1267527,0.02055373,0,0.02054505,0,0,0.5133625,0.09653961,0.3114436,0,0.08083197,0.03539109,0.1790931,0.2137604,0.4826232,0.06554299,0.1607268,0.2769986,0.3878252,0.2912761,0.127413,0.01666577,0.3477352,0.3477352,0.181976,0.2169493,0.02106699,0,0.01987644,0,0,0.499285,0.09281952,0.1940051,0,0.2047405,0.04582575,0.1125098,0.2253564,0.3054768,0.06419973,0.2157169,0.2799601,0.3863931,0.8984216,0.8984216,0.4291652,0.2701773,4.214603,0.4824601,1.633061,1.272807E-06,0,0.0003961672,0,0.06507815,0.7664354,0.8350285,0,0.06507775,0.7664347,0.848224,0,1.416395,1.280006,0.4274615,1.416404,1.280005,1.294025,0,0,0,0,0,0,0,0,0.218007,0.2562536
0,33.86436,3.560822,7.121644,7.121644,19.82584,23.13777,10.48278,0,10.41536,0,0,32.67873,84.20798,2.65408,0,57.60093,1.678587,47.16539,36.46842,27.04044,32.13531,67.17603,280.8315,51.27301,5.639079,439.0079,0,745.2263,745.2263,1316.068,2042.778,50.35762,0,50.35762,0,0,3166.854,155.2126,0,0,3278.222,50.35762,571.9533,236.1982,873.6747,704.1082,1113.581,1584.481,3742.288,0.1822407,0.119725,0,0.5775675,0.5775675,0.3464285,0.4084115,0.02055373,0,0.02054505,0,0,0.6626469,0.06571891,0,0,0.3465931,0.007722967,0.07271579,0.06603926,0.2523448,0.1343921,0.208173,0.2368122,0.5682235,0.2449061,0.1138897,0.02682665,0.4921326,0.4921326,0.2814829,0.3153048,0.02158025,0,0.02054505,0,0,0.6398785,0.1149061,0.1212264,0,0.2895162,0.03370491,0.08962927,0.1609357,0.2560937,0.08425236,0.2303305,0.2589229,0.4605209,0.8984216,0.8984216,0.4291652,0.2701773,4.214603,0.4824601,1.633061,1.272807E-06,0,0.0003961672,0,0.06507815,0.7664354,0.8350285,0,0.06507775,0.7664347,0.848224,0,1.416395,1.280006,0.4274615,1.416404,1.280005,1.294025,0,0,0,0,0,0,0,0,0.3286036,0.3045483
0,47.70004,3.140349,31.84907,31.84907,37.79637,68.93573,12.44874,0,12.33505,0,0,124.7825,79.05589,2.055841,0,102.4458,0,28.11328,42.24934,56.18944,32.3102,52.41438,333.602,145.0459,4.724147,228.0039,50.35762,1290.284,1290.284,2161.608,2457.799,61.67524,0,50.35762,0,0,4779.098,345.2346,163.1774,0,5094.982,210.6611,427.2989,424.3211,167.0173,375.156,1349.838,717.4871,1796.033,0.1526724,0.06218057,0.06741984,1,1,0.5689996,0.4913863,0.02517307,0,0.02054505,0,0,1,0.1461765,0.03517796,0,0.5386717,0.03230749,0.05432503,0.118637,0.04823988,0.07160548,0.252339,0.1072337,0.272707,0.1978299,0.0971258,0.06205321,0.564086,0.5641866,0.3175457,0.3678573,0.02209351,0,0.02054505,0,0,0.6640508,0.1591711,0.05598074,0,0.3565142,0.04000957,0.1204608,0.108152,0.1854637,0.08782167,0.3240599,0.3378119,0.4595883,0.8984216,0.8984216,0.4291652,0.2701773,4.214603,0.4824601,1.633061,1.272807E-06,0,0.0003961672,0,0.06507815,0.7664354,0.8350285,0,0.06507775,0.7664347,0.848224,0,1.416395,1.280006,0.4274615,1.416404,1.280005,1.294025,0,0,0,0,0,0,0,0,0.4262109,0.3338513
0,48.15567,2.055841,12.61736,12.61736,50.1197,68.92551,14.3909,0,14.34187,0,0,44.50662,67.52121,5.934703,0,87.05452,7.022036,42.3659,54.02917,61.86993,41.32215,73.16931,309.7233,113.0826,7.836211,375.156,79.62239,174.4439,174.4439,621.8716,1549.688,50.35762,0,50.35762,0,0,2192.478,538.8507,201.4305,0,2263.339,440.4496,710.3831,278.1091,532.9355,316.4929,1557.849,3238.328,4616.836,0.2532465,0.1023115,0.1066001,0.1351981,0.1351981,0.1636952,0.3098282,0.02055373,0,0.02054505,0,0,0.458764,0.2281559,0.04342461,0,0.2392936,0.06754842,0.09031518,0.07775723,0.1539286,0.06040853,0.2912246,0.4839917,0.7010136,0.1959513,0.108498,0.1028128,0.4577561,0.4576701,0.2491811,0.3461633,0.03159487,0,0.03023329,0,0,0.5240829,0.2057218,0.02704116,0,0.3384112,0.07088493,0.2325891,0.09267517,0.1705994,0.09478148,0.4247257,0.4822931,0.4944712,0.8984216,0.8984216,0.4291652,0.2701773,4.214603,0.4824601,1.633061,1.272807E-06,0,0.0003961672,0,0.06507815,0.7664354,0.8350285,0,0.06507775,0.7664347,0.848224,0,1.416395,1.280006,0.4274615,1.416404,1.280005,1.294025,0,0,0,0,0,0,0,0,0.2390915,0.3213331
0,40.00558,3.357175,14.29267,14.29267,37.21412,84.09077,16.31775,0,16.31775,0,0,40.47821,49.55431,12.22031,0,57.22055,21.78937,66.05508,61.27499,44.12513,33.55089,123.054,201.8158,41.01415,5.361462,545.8642,106.8246,542.3688,543.5364,271.1841,1367.106,50.35762,0,50.35762,0,0,1052.708,731.4882,0,0,3215.929,503.5767,3272.22,415.2598,793.8336,630.9801,5349.304,6690.875,2580.865,0.1732688,0.1488666,0.1430191,0.4203483,0.4212532,0.07138375,0.2733247,0.02055373,0,0.02054505,0,0,0.2202733,0.309721,0,0,0.340007,0.07722975,0.4160166,0.1161035,0.2292842,0.1204343,1,1,0.3918747,0.2057759,0.1454316,0.1198835,0.4265265,0.426372,0.2179575,0.3282603,0.05183184,0,0.05085132,0,0,0.3844467,0.2466705,0.03255446,0,0.2938506,0.1274612,0.3932005,0.157721,0.2210919,0.1045668,0.4906867,0.5743291,0.4201158,0.8984216,0.8984216,0.4291652,0.2701773,4.214603,0.4824601,1.633061,1.272807E-06,0,0.0003961672,0,0.06507815,0.7664354,0.8350285,0,0.06507775,0.7664347,0.848224,0,1.416395,1.280006,0.4274615,1.416404,1.280005,1.294025,0,0,0,0,0,0,0,0,0.3726317,0.3255672
0,37.57206,6.501142,6.167525,6.2807,29.33937,44.30039,18.27274,0,18.34968,0,0,17.32285,25.12285,12.10447,0,79.86269,4.893881,175.1319,54.41891,17.64516,14.2433,56.22704,21.23267,52.09082,5.250988,468.3533,137.91,381.8558,378.5208,472.3967,1241.198,271.1841,0,264.0777,0,0,1133.891,447.5887,198.2582,0,2117.454,1359.666,6362.932,233.4987,921.6989,803.36,1262.469,2926.478,2962.44,0.1696986,0.127728,0.1846369,0.295947,0.2933623,0.1243489,0.2481519,0.1106852,0,0.1077392,0,0,0.2372605,0.1895145,0.04274072,0,0.2238698,0.2085216,0.808957,0.0652845,0.2662157,0.1533362,0.2360061,0.4373835,0.4498125,0.2083248,0.1831725,0.1235215,0.4749489,0.4746111,0.320474,0.3907238,0.06978507,0,0.06918656,0,0,0.3376077,0.2997093,0.05236564,0,0.241146,0.1870553,0.4927997,0.2656763,0.3035116,0.1253521,0.3726955,0.4809001,0.3741248,0.8984216,0.8984216,0.4291652,0.2701773,4.214603,0.4824601,1.633061,1.272807E-06,0,0.0003961672,0,0.06507815,0.7664354,0.8350285,0,0.06507775,0.7664347,0.848224,0,1.416395,1.280006,0.4274615,1.416404,1.280005,1.294025,0,0,0,0,0,0,0,0,0.2484345,0.3434666
0,46.32145,10.94306,14.48847,14.43976,32.91499,69.23145,27.32549,0,27.19629,0,0,35.66767,10.14123,5.567245,0,138.1439,40.33875,36.94817,49.96486,13.05635,14.82489,17.52498,118.7711,85.43718,10.32302,1246.804,0,923.0735,924.4462,2288.412,2636.042,287.0827,0,291.4659,0,0,1945.815,730.621,396.5165,0,1509.903,2158.379,3444.231,2383.677,1431.444,422.8244,585.1034,1465.151,204.5536,0.3336139,0.3400248,0,0.7154032,0.716467,0.6023781,0.5270224,0.1171743,0,0.1189131,0,0,0.4071511,0.3093538,0.08548147,0,0.1596359,0.3310142,0.4378854,0.6664581,0.4134461,0.08070388,0.1093793,0.2189775,0.03105912,0.2010967,0.2484946,0.1086023,0.5843517,0.5844052,0.50744,0.5108613,0.07724255,0,0.07727646,0,0,0.4567203,0.3501486,0.09158622,0,0.2080471,0.2058197,0.4356579,0.4188192,0.3472061,0.1409057,0.2370749,0.3021896,0.2857161,0.8984216,0.8984216,0.4291652,0.2701773,4.214603,0.4824601,1.633061,1.272807E-06,0,0.0003961672,0,0.06507815,0.7664354,0.8350285,0,0.06507775,0.7664347,0.848224,0,1.416395,1.280006,0.4274615,1.416404,1.280005,1.294025,0,0,0,0,0,0,0,0,0.4109465,0.3793808
0,71.089,11.13449,43.05858,43.05858,70.21153,75.50996,36.9291,0,36.89093,0,0,92.36322,14.19375,7.783291,0,145.8212,112.2697,77.85265,76.28962,60.8134,4.441125,26.00462,69.93003,91.72795,3.057633,679.3627,123.3505,1264.476,1265.478,3798.962,4309.202,0,0,0,0,0,2929.943,1564.752,596.9033,0,2460.377,1133.891,1653.405,1975.564,1708.843,1076.528,728.8835,628.9675,3100.691,0.09881495,0.1852739,0.1651442,0.9799976,0.9807746,1,0.8615362,0,0,0,0,0,0.6130745,0.662535,0.1286811,0,0.2601257,0.1738963,0.2102071,0.5523529,0.4935677,0.2054753,0.1362576,0.09400377,0.4708043,0.1789254,0.2777399,0.1161217,0.5772245,0.5774327,0.5946298,0.5696069,0.08456834,0,0.08494741,0,0,0.5797905,0.3929661,0.1187251,0,0.1888699,0.1608011,0.3199372,0.4639637,0.3191504,0.171079,0.135042,0.1363721,0.2905802,0.8984216,0.8984216,0.4291652,0.2701773,4.214603,0.4824601,1.633061,1.272807E-06,0,0.0003961672,0,0.06507815,0.7664354,0.8350285,0,0.06507775,0.7664347,0.848224,0,1.416395,1.280006,0.4274615,1.416404,1.280005,1.294025,0,0,0,0,0,0,0,0,0.5396485,0.3733626
0,52.34714,9.039472,5.035762,5.035762,72.69601,129.0297,37.51577,0,37.5533,0,0,9.93066,66.33179,27.68405,0,147.1727,150.0789,22.73855,58.00311,117.7763,35.78597,37.79637,48.98239,51.6699,3.055092,1618.918,100.7152,181.567,181.567,1670.571,2620.845,249.2576,0,251.7882,0,0,4626.579,494.6856,1043.635,0,808.8652,112.6031,1202.806,1497.253,469.705,984.8783,326.3548,0,1614.605,0.0987328,0.4415069,0.1348397,0.1407186,0.1407186,0.4397441,0.523984,0.1017358,0,0.1027253,0,0,0.9680862,0.2094559,0.224988,0,0.08551802,0.01726908,0.1529198,0.4186207,0.1356656,0.1879823,0.06100883,0,0.2451592,0.1715264,0.2936705,0.1081303,0.4130771,0.413368,0.4827286,0.4834031,0.1070967,0,0.1080147,0,0,0.6410999,0.3828082,0.1955842,0,0.1648404,0.08950933,0.2064367,0.4328346,0.2204101,0.205158,0.1226233,0.06881872,0.2378657,0.8984216,0.8984216,0.4291652,0.2701773,4.214603,0.4824601,1.633061,1.272807E-06,0,0.0003961672,0,0.06507815,0.7664354,0.8350285,0,0.06507775,0.7664347,0.848224,0,1.416395,1.280006,0.4274615,1.416404,1.280005,1.294025,0,0,0,0,0,0,0,0,0.23279,0.306225
0,10.34751,8.223367,8.882252,8.882252,23.88676,49.44045,29.09829,0,29.14667,0,0,155.3665,49.8378,62.45919,0,136.7186,153.8029,62.83029,33.98894,102.1082,66.16164,30.95173,49.41195,72.40471,8.648321,927.8688,71.21642,318.4897,318.4897,543.5364,958.7839,520.9038,0,523.3323,0,0,1869.372,760.3851,87.22195,0,1941.574,133.2337,2031.262,1012.806,94.21048,1218.516,1229.393,468.3533,1320.877,0.2794918,0.2530458,0.09534605,0.2468368,0.2468368,0.143075,0.1916891,0.2126096,0,0.2135107,0,0,0.3911559,0.3219563,0.0188034,0,0.2052748,0.02043305,0.2582463,0.2831729,0.02721096,0.2325764,0.2298231,0.06999882,0.20056,0.184057,0.2329186,0.09818085,0.2573985,0.256761,0.2949226,0.3313791,0.123883,0,0.1247908,0,0,0.5455547,0.3794721,0.3193731,0,0.1529974,0.04959314,0.1643012,0.3436538,0.1322398,0.2429376,0.1363263,0.05816317,0.2005116,0.8984216,0.8984216,0.4291652,0.2701773,4.214603,0.4824601,1.633061,1.272807E-06,0,0.0003961672,0,0.06507815,0.7664354,0.8350285,0,0.06507775,0.7664347,0.848224,0,1.416395,1.280006,0.4274615,1.416404,1.280005,1.294025,0,0,0,0,0,0,0,0,0.2054104,0.2298483
0,38.69883,7.962241,8.961206,8.961206,11.86941,20.3864,11.69001,0,11.69001,0,0,121.3764,75.18272,65.00153,0,78.79706,158.1133,4.893881,62.24453,105.2878,103.8935,47.34427,33.73933,59.14563,4.867716,373.4623,35.60821,163.1774,163.1774,519.6854,726.2694,284.8658,0,289.2826,0,0,2150.728,1271.974,3269.506,0,1291.757,222.3733,191.7561,1080.642,421.3224,1706.244,422.8244,484.3245,207.6298,0.1573122,0.1018496,0.04767302,0.1264662,0.1264662,0.1367967,0.1452026,0.1162695,0,0.1180224,0,0,0.4500281,0.5385693,0.7048438,0,0.1365723,0.03410371,0.02437908,0.3021395,0.1216912,0.3256682,0.07904288,0.07238583,0.03152621,0.2281251,0.1740447,0.0723404,0.1306931,0.1292453,0.1737735,0.225291,0.1087258,0,0.1096155,0,0,0.4541436,0.3513865,0.456573,0,0.1386614,0.07637431,0.1141429,0.2979991,0.09136681,0.2496751,0.1299385,0.06483182,0.1303638,0.8984216,0.8984216,0.4291652,0.2701773,4.214603,0.4824601,1.633061,1.272807E-06,0,0.0003961672,0,0.06507815,0.7664354,0.8350285,0,0.06507775,0.7664347,0.848224,0,1.416395,1.280006,0.4274615,1.416404,1.280005,1.294025,0,0,0,0,0,0,0,0,0.1565908,0.1720419
0,50.83146,7.692255,13.53321,13.53321,26.11275,18.03995,1.678587,0,1.678587,0,0,96.35027,117.5248,43.99722,0,35.9235,150.8843,1.678587,94.48969,119.3747,152.4315,61.01,17.60519,52.8427,6.409311,238.8672,50.35762,79.62239,71.21642,273.512,1037.542,100.7152,0,100.7152,0,0,1372.66,686.7876,3848.218,0,537.6729,706.8043,1094.632,892.3421,347.0661,1340.884,647.8357,499.7856,1177.234,0.2071327,0.06514321,0.06741984,0.06170918,0.05519437,0.0719965,0.2074353,0.04110746,0,0.0410901,0,0,0.2872215,0.2907942,0.829603,0,0.05684597,0.1083972,0.139167,0.2494922,0.1002436,0.2559327,0.1211065,0.0746966,0.1787494,0.2832035,0.1211981,0.0648493,0.09494255,0.09277095,0.1416026,0.1915762,0.06773094,0,0.06821287,0,0,0.3851718,0.2901015,0.4591626,0,0.153587,0.1681103,0.08910777,0.2773106,0.08637272,0.260867,0.134602,0.07467011,0.1189548,0.8984216,0.8984216,0.4291652,0.2701773,4.214603,0.4824601,1.633061,1.272807E-06,0,0.0003961672,0,0.06507815,0.7664354,0.8350285,0,0.06507775,0.7664347,0.848224,0,1.416395,1.280006,0.4274615,1.416404,1.280005,1.294025,0,0,0,0,0,0,0,0,0.1339937,0.1577086
0,45.01026,7.022036,15.47582,15.52127,32.04751,27.32549,5.30816,0,5.30816,0,0,111.7287,139.1906,84.26653,0,24.49823,127.3257,38.07491,117.2908,130.6576,187.8377,53.70222,0,57.36809,15.75641,670.9114,35.60821,50.35762,50.35762,1077.705,1349.368,50.35762,0,50.35762,0,0,1970.745,264.0777,337.8093,0,2161.021,2022.19,50.35762,1043.027,230.7677,550.4903,906.44,514.7825,493.4023,0.5092072,0.1829691,0.04767302,0.03902831,0.03902831,0.2836841,0.2697784,0.02055373,0,0.02054505,0,0,0.4123675,0.1118137,0.07282531,0,0.2284759,0.310128,0.006402261,0.2916226,0.06665297,0.1050713,0.1694501,0.076938,0.07491749,0.3498855,0.1348306,0.07137276,0.07951241,0.07806467,0.1720248,0.191648,0.02890507,0,0.02909308,0,0,0.3816529,0.225077,0.3091107,0,0.1801063,0.2646632,0.06180495,0.2896412,0.08140364,0.2749688,0.1550781,0.07720254,0.1167822,0.8984216,0.8984216,0.4291652,0.2701773,4.214603,0.4824601,1.633061,1.272807E-06,0,0.0003961672,0,0.06507815,0.7664354,0.8350285,0,0.06507775,0.7664347,0.848224,0,1.416395,1.280006,0.4274615,1.416404,1.280005,1.294025,0,0,0,0,0,0,0,0,0.1670068,0.1636907
0,27.04044,5.692367,14.537,14.537,24.41181,22.55191,7.121644,0,7.121644,0,0,62.98706,148.013,95.40236,0,47.58175,59.91481,35.9235,100.7118,133.295,200.1255,52.03671,16.27452,57.12197,9.744041,266.4675,71.21642,118.0991,118.0991,282.6315,401.2844,0,0,0,0,0,2336.665,273.512,322.4462,0,2614.062,3122.698,508.5876,989.374,251.7882,2545.99,648.8136,530.551,796.2258,0.3149027,0.07267028,0.09534605,0.0915295,0.0915295,0.07439704,0.08022856,0,0,0,0,0,0.4889344,0.1158083,0.06951331,0,0.2763741,0.4789045,0.06465973,0.2766216,0.07272436,0.4859494,0.1212893,0.07929471,0.1208978,0.4030052,0.2012512,0.08319323,0.1128796,0.1121558,0.1654008,0.1626257,0.011932,0,0.01235948,0,0,0.3777182,0.2431881,0.1565346,0,0.1965853,0.2999622,0.08151311,0.3685543,0.157908,0.3892187,0.2244587,0.1090879,0.160769,0.8984216,0.8984216,0.4291652,0.2701773,4.214603,0.4824601,1.633061,1.272807E-06,0,0.0003961672,0,0.06507815,0.7664354,0.8350285,0,0.06507775,0.7664347,0.848224,0,1.416395,1.280006,0.4274615,1.416404,1.280005,1.294025,0,0,0,0,0,0,0,0,0.1647905,0.2012174
0,33.50887,3.753435,10.54976,10.54976,23.97507,33.08576,7.692255,0,7.692255,0,0,130.6846,144.1298,103.5606,0,92.07292,44.17299,18.95394,91.57422,137.9193,116.253,54.25037,33.94747,33.73933,12.99498,1052.708,94.21048,213.6493,213.6493,1016.555,975.1747,0,0,0,0,0,933.9979,799.4044,280.3795,0,1253.397,1583.681,825.9286,1350.308,225.2062,1834.106,1730.594,559.6277,1287.333,0.4199647,0.2870915,0.126131,0.1655831,0.1655831,0.2675875,0.1949661,0,0,0,0,0,0.1954339,0.3384776,0.06044451,0,0.1325165,0.2428771,0.1050052,0.3775359,0.06504664,0.3500732,0.3235176,0.08364043,0.1954667,0.4631827,0.2803712,0.09313723,0.1695297,0.1695297,0.1793391,0.1453789,0.01272232,0,0.01384393,0,0,0.3951851,0.3876041,0.1308788,0,0.1907209,0.2352015,0.09710637,0.4496996,0.2823649,0.5427763,0.3073695,0.1377912,0.2033014,0.8984216,0.8984216,0.4291652,0.2701773,4.214603,0.4824601,1.633061,1.272807E-06,0,0.0003961672,0,0.06507815,0.7664354,0.8350285,0,0.06507775,0.7664347,0.848224,0,1.416395,1.280006,0.4274615,1.416404,1.280005,1.294025,0,0,0,0,0,0,0,0,0.218037,0.252481
0,68.33015,1.18694,3.936636,3.936636,27.2997,49.05424,6.818455,0,6.71435,0,0,157.6849,117.6207,97.65033,0,62.63939,96.94799,8.559152,134.5314,144.8515,79.5445,87.49848,52.58881,26.77867,19.08759,2156.028,35.60821,348.888,348.888,345.2346,430.256,61.67524,0,71.21642,0,0,2054.23,1534.889,483.0138,0,1525.775,316.4929,1397.378,3216.52,2906.041,4604.732,2937.939,2328.783,2401.959,0.6168624,0.5879858,0.04767302,0.2703962,0.2703962,0.09087604,0.08602083,0.02517307,0,0.02905509,0,0,0.4298363,0.6498908,0.1041286,0,0.161314,0.04853811,0.1776569,0.8993149,0.8393561,0.8788986,0.5492188,0.3480536,0.36471,0.4765712,0.3272745,0.09003433,0.2135859,0.2135859,0.1455683,0.1196935,0.02493139,0,0.0267423,0,0,0.4638319,0.585013,0.2287794,0,0.191422,0.1542701,0.1131848,0.5110735,0.4353183,0.6980731,0.3547364,0.1704484,0.2259119,0.8984216,0.8984216,0.4291652,0.2701773,4.214603,0.4824601,1.633061,1.272807E-06,0,0.0003961672,0,0.06507815,0.7664354,0.8350285,0,0.06507775,0.7664347,0.848224,0,1.416395,1.280006,0.4274615,1.416404,1.280005,1.294025,0,0,0,0,0,0,0,0,0.412504,0.295451
0,29.04983,2.055841,9.194004,9.194004,33.25565,58.54708,4.279575,0,4.441125,0,0,92.64501,66.4697,81.71999,0,94.90631,107.4995,37.96374,36.37171,48.15567,101.4159,25.95039,25.03859,56.02622,16.58586,578.5658,94.21048,343.3933,343.3933,748.6215,606.3869,106.8246,0,112.6031,0,0,3443.126,1959.776,2674.012,0,2034.381,151.0729,534.1238,969.9598,1576.458,5239.208,1526.19,385.162,1298.61,0.5360128,0.1577848,0.126131,0.2661377,0.2661377,0.1970595,0.1212346,0.04360104,0,0.04594013,0,0,0.7204553,0.8297929,0.5764666,0,0.2150868,0.0231689,0.06790631,0.2711935,0.4553308,1,0.2853063,0.05756526,0.1971791,0.4502367,0.2812091,0.08163441,0.2287978,0.2287978,0.1537713,0.1392022,0.04267511,0,0.04430795,0,0,0.4936039,0.7152202,0.3340046,0,0.200336,0.1320525,0.1147706,0.4305647,0.4570137,0.7296846,0.3119048,0.1364411,0.1950988,0.8984216,0.8984216,0.4291652,0.2701773,4.214603,0.4824601,1.633061,1.272807E-06,0,0.0003961672,0,0.06507815,0.7664354,0.8350285,0,0.06507775,0.7664347,0.848224,0,1.416395,1.280006,0.4274615,1.416404,1.280005,1.294025,0,0,0,0,0,0,0,0,0.2966222,0.292242
0,44.71191,4.111682,20.35182,20.35182,16.10046,48.85278,0,0,0,0,0,40.02318,0,7.873274,0,83.38409,102.3219,55.79944,32.00352,6.391871,242.8719,43.15663,37.88945,12.78375,6.550514,803.36,50.35762,201.4305,201.4305,128.3873,532.9355,151.0729,0,151.0729,0,0,2696.679,2038.429,1870.728,0,2527.996,1511.581,591.5689,1171.836,991.2946,2409.339,1102.136,857.5619,216.5963,0.211696,0.2190901,0.06741984,0.1561133,0.1561133,0.03379536,0.1065495,0.0616612,0,0.06163517,0,0,0.5642653,0.8630955,0.4032936,0,0.2672747,0.2318198,0.07520964,0.3276365,0.2863171,0.4598671,0.2060335,0.1281689,0.03288767,0.3397822,0.2165126,0.06497408,0.2197596,0.2197596,0.179992,0.2049144,0.06156246,0,0.06249288,0,0,0.4322707,0.7056816,0.323363,0,0.1976153,0.1916603,0.1397389,0.3713279,0.4306391,0.6509374,0.2441539,0.1022842,0.1442368,0.8984216,0.8984216,0.4291652,0.2701773,4.214603,0.4824601,1.633061,1.272807E-06,0,0.0003961672,0,0.06507815,0.7664354,0.8350285,0,0.06507775,0.7664347,0.848224,0,1.416395,1.280006,0.4274615,1.416404,1.280005,1.294025,0,0,0,0,0,0,0,0,0.2274379,0.2689937
0,25.53997,5.30816,14.96676,14.96676,16.10046,37.13833,4.441125,0,4.441125,0,0,120.4616,66.85014,69.48537,0,60.89443,51.92829,36.0605,41.01415,37.49699,261.9607,20.17802,9.345982,5.692367,11.35642,573.0607,0,312.4609,312.4609,1047.879,1545.592,195.0343,0,195.0343,0,0,465.6382,1377.271,933.9979,0,1589.674,2056.389,1718.462,822.8524,1491.313,2826.851,626.9483,128.3873,1143.911,0.3670107,0.1562835,0,0.2421644,0.2421644,0.2758329,0.3090092,0.07960426,0,0.07957066,0,0,0.09743224,0.5831531,0.2013523,0,0.1680698,0.3153729,0.2184782,0.2300634,0.4307382,0.539557,0.1172018,0.01918841,0.1736898,0.2598286,0.148462,0.06491427,0.2125684,0.2125684,0.2626447,0.3101991,0.09258503,0,0.0928079,0,0,0.2777319,0.5479928,0.2486974,0,0.160856,0.26487,0.1596613,0.3035207,0.380927,0.5705109,0.2046823,0.05890384,0.1133884,0.8984216,0.8984216,0.4291652,0.2701773,4.214603,0.4824601,1.633061,1.272807E-06,0,0.0003961672,0,0.06507815,0.7664354,0.8350285,0,0.06507775,0.7664347,0.848224,0,1.416395,1.280006,0.4274615,1.416404,1.280005,1.294025,0,0,0,0,0,0,0,0,0.2423905,0.2422911
0,11.92861,4.893881,7.022036,7.022036,40.84203,57.46624,11.00724,0,11.00724,0,0,128.986,112.345,100.6139,0,94.95825,16.61718,21.23267,34.13371,87.11115,171.5338,8.64106,4.747762,43.15663,0.001309621,275.8201,61.67524,287.0827,287.0827,1830.646,2891.385,238.8672,0,238.8672,0,0,630.9801,675.6195,188.421,0,464.2747,1981.333,2214.919,1635.283,1403.264,2728.701,1203.859,230.7677,612.6277,4.232363E-05,0.0752209,0.08257211,0.2224957,0.2224957,0.4818807,0.5780729,0.09749492,0,0.09745377,0,0,0.1320291,0.2860655,0.04062001,0,0.04908587,0.303862,0.2815957,0.457213,0.4053068,0.5208231,0.2250497,0.03448991,0.0930205,0.2278066,0.1413217,0.08690207,0.1938725,0.1938725,0.3505019,0.4227073,0.1087148,0,0.1086689,0,0,0.1594741,0.3465339,0.1530391,0,0.1235186,0.2772276,0.1682988,0.3452434,0.3758049,0.5071943,0.2285189,0.05515447,0.09000409,0.8984216,0.8984216,0.4291652,0.2701773,4.214603,0.4824601,1.633061,1.272807E-06,0,0.0003961672,0,0.06507815,0.7664354,0.8350285,0,0.06507775,0.7664347,0.848224,0,1.416395,1.280006,0.4274615,1.416404,1.280005,1.294025,0,0,0,0,0,0,0,0,0.2481005,0.235225
0,13.21722,3.140349,2.907398,2.907398,20.86454,41.47529,18.99107,0,18.99107,0,0,108.4392,134.8871,100.8586,0,103.9409,82.65431,95.05466,55.49562,133.8857,81.61648,40.513,12.67306,30.07446,8.600186,443.3191,118.0991,210.6611,210.6611,1169.67,1872.083,569.7322,0,569.7322,0,0,450.4126,128.3873,788.2233,0,905.0401,2237.702,0,717.4871,1030.184,2905.386,1835.143,600.0811,332.1314,0.2779362,0.1209007,0.1581135,0.1632672,0.1632672,0.3078919,0.3742845,0.2325392,0,0.232441,0,0,0.09424637,0.05436073,0.169926,0,0.0956862,0.3431795,0,0.200604,0.2975495,0.5545468,0.343062,0.08968649,0.05043035,0.2553425,0.1433552,0.1195372,0.160615,0.160615,0.4098421,0.4507386,0.1080235,0,0.1079779,0,0,0.112491,0.1991653,0.1859003,0,0.1089729,0.2261209,0.1502303,0.3738531,0.4423182,0.4631311,0.2386641,0.0537337,0.07146185,0.8984216,0.8984216,0.4291652,0.2701773,4.214603,0.4824601,1.633061,1.272807E-06,0,0.0003961672,0,0.06507815,0.7664354,0.8350285,0,0.06507775,0.7664347,0.848224,0,1.416395,1.280006,0.4274615,1.416404,1.280005,1.294025,0,0,0,0,0,0,0,0,0.2057491,0.2273255
0,27.63311,3.140349,9.787766,9.787766,18.95394,37.4594,0,0,0,0,0,93.75617,134.4371,74.74103,0,78.8596,157.2509,95.06948,64.41366,168.2444,27.11848,28.03801,32.65717,27.68405,16.97358,1000.208,112.6031,142.4329,142.4329,1928.469,2986.103,0,0,0,0,0,437.5614,289.2826,508.5876,0,1604.363,225.2062,1240.687,1954.917,1466.016,1855.756,1363.856,314.4833,328.2917,0.548543,0.272774,0.1507554,0.1103887,0.1103887,0.5076304,0.5970098,0,0,0,0,0,0.09155732,0.1224858,0.1096419,0,0.1696227,0.03453817,0.1577358,0.5465801,0.4234316,0.3542055,0.2549594,0.04700182,0.04984732,0.2595046,0.1530444,0.1351212,0.1127582,0.1127582,0.4304281,0.4530337,0.07921234,0,0.07910068,0,0,0.1417741,0.1870866,0.2358665,0,0.1233279,0.1304239,0.1945663,0.4260808,0.4982465,0.3540556,0.207137,0.04991592,0.04871187,0.8984216,0.8984216,0.4291652,0.2701773,4.214603,0.4824601,1.633061,1.272807E-06,0,0.0003961672,0,0.06507815,0.7664354,0.8350285,0,0.06507775,0.7664347,0.848224,0,1.416395,1.280006,0.4274615,1.416404,1.280005,1.294025,0,0,0,0,0,0,0,0,0.2490058,0.2159355
0,12.33505,6.052233,14.34187,14.34187,46.63972,65.62711,0,0,0,0,0,86.22514,125.1152,91.68954,0,40.91096,149.7593,53.70222,61.94958,119.3688,56.47706,28.75738,42.96031,30.99721,0.002866828,275.8201,100.7152,61.67524,61.67524,1937.652,1373.583,0,0,0,0,0,884.4924,541.1986,3068.211,0,834.3294,87.22195,2005.188,1878.507,3462.226,1126.036,222.3733,216.5963,213.6493,9.264861E-05,0.0752209,0.1348397,0.04779973,0.04779973,0.5100478,0.2746196,0,0,0,0,0,0.1850752,0.2291501,0.6614483,0,0.08821025,0.01337657,0.2549314,0.5252165,1,0.2149249,0.0415705,0.0323719,0.0324402,0.1825502,0.1296039,0.1263786,0.07595079,0.07595079,0.3786806,0.3855696,0.0823108,0,0.08217608,0,0,0.1811803,0.2704457,0.324407,0,0.1428168,0.1592368,0.3164854,0.4087958,0.528917,0.2434722,0.135364,0.04074196,0.03724677,0.8984216,0.8984216,0.4291652,0.2701773,4.214603,0.4824601,1.633061,1.272807E-06,0,0.0003961672,0,0.06507815,0.7664354,0.8350285,0,0.06507775,0.7664347,0.848224,0,1.416395,1.280006,0.4274615,1.416404,1.280005,1.294025,0,0,0,0,0,0,0,0,0.1920793,0.1943821
0,19.4673,4.747762,16.53218,16.53218,31.33623,21.29892,0,0,0,0,0,93.49281,107.0727,10.54976,0,17.52498,146.5682,13.11019,29.8157,3.753435,21.88614,31.51556,35.78597,23.79813,4.14054,335.9274,71.21642,50.35762,50.35762,885.9248,2052.686,368.3344,0,366.6092,0,0,1484.495,1094.053,419.8149,0,1742.278,347.0661,3826.073,1023.392,739.2473,335.9274,561.8889,198.2582,198.2582,0.1338117,0.09161317,0.09534605,0.03902831,0.03902831,0.2332018,0.4103923,0.1503377,0,0.1495703,0,0,0.3106225,0.4632352,0.09050417,0,0.184204,0.05322691,0.4864312,0.2861327,0.2135179,0.06411797,0.1050396,0.02963113,0.03010323,0.1498833,0.1129499,0.09684635,0.0685747,0.0685747,0.2692144,0.3547106,0.1036422,0,0.1034767,0,0,0.2009553,0.3832202,0.3050982,0,0.1573601,0.2644862,0.4444267,0.3580943,0.3924917,0.1497091,0.08928178,0.03091624,0.03166131,0.8984216,0.8984216,0.4291652,0.2701773,4.214603,0.4824601,1.633061,1.272807E-06,0,0.0003961672,0,0.06507815,0.7664354,0.8350285,0,0.06507775,0.7664347,0.848224,0,1.416395,1.280006,0.4274615,1.416404,1.280005,1.294025,0,0,0,0,0,0,0,0,0.1526452,0.1759705
0,18.65425,5.035762,16.48952,16.48952,13.99383,58.54708,12.27781,0,12.22031,0,0,59.18135,70.58179,24.61297,0,43.41701,135.002,140.666,54.00309,28.5854,25.01044,22.36371,29.12249,17.28213,0.0008649864,334.0348,61.67524,100.7152,100.7152,335.9274,1286.347,508.5876,0,509.8326,0,0,844.9006,1229.909,1693.563,0,2056.081,5700.821,6255.042,849.3909,653.681,813.5544,163.1774,178.0411,181.567,2.795417E-05,0.09109703,0.08257211,0.07805663,0.07805663,0.0884261,0.2571787,0.2075827,0,0.208003,0,0,0.1767908,0.5207585,0.3651002,0,0.217381,0.8742918,0.7952404,0.2374833,0.1888037,0.1552819,0.03050441,0.02660954,0.02756887,0.1183678,0.1038472,0.06369424,0.09234887,0.09234887,0.1553915,0.3122261,0.1253141,0,0.1252741,0,0,0.1700724,0.4498781,0.3079946,0,0.1496798,0.4469658,0.5062592,0.286733,0.2416791,0.1104779,0.0695287,0.02683628,0.02753835,0.8984216,0.8984216,0.4291652,0.2701773,4.214603,0.4824601,1.633061,1.272807E-06,0,0.0003961672,0,0.06507815,0.7664354,0.8350285,0,0.06507775,0.7664347,0.848224,0,1.416395,1.280006,0.4274615,1.416404,1.280005,1.294025,0,0,0,0,0,0,0,0,0.1641504,0.1636868
0,26.48773,5.692367,14.34187,14.34187,18.34968,28.87959,29.26726,0,29.24318,0,0,49.32633,29.5785,31.84907,0,110.677,55.02395,67.83347,47.09065,50.44193,47.34427,27.09249,23.10731,11.80991,12.33791,499.7856,0,178.0411,178.0411,71.21642,1503.591,163.1774,0,163.1774,0,0,293.633,1032.028,1445.547,0,783.3826,2678.75,2221.779,1046.062,314.4833,316.4929,477.7347,163.1774,163.1774,0.39873,0.1363001,0,0.1379859,0.1379859,0.01874628,0.3006121,0.06660171,0,0.06657359,0,0,0.06144109,0.4369734,0.3116327,0,0.08282385,0.4108197,0.2824678,0.2924711,0.0908327,0.06040853,0.08930783,0.02438805,0.02477661,0.1730525,0.1111005,0.03424037,0.1171752,0.1171752,0.09128768,0.2968936,0.1243136,0,0.1242402,0,0,0.1264037,0.4539225,0.2748642,0,0.1166593,0.4892903,0.4547342,0.2383747,0.107612,0.08127292,0.08119351,0.02427804,0.02843095,0.8984216,0.8984216,0.4291652,0.2701773,4.214603,0.4824601,1.633061,1.272807E-06,0,0.0003961672,0,0.06507815,0.7664354,0.8350285,0,0.06507775,0.7664347,0.848224,0,1.416395,1.280006,0.4274615,1.416404,1.280005,1.294025,0,0,0,0,0,0,0,0,0.1643336,0.1554274
0,21.26582,6.2807,11.3227,11.3227,15.70176,70.49191,34.84853,0,34.82831,0,0,53.08212,4.747762,16.31775,0,132.1483,144.3105,6.167525,60.38328,60.9638,47.58175,32.614,17.56513,7.962241,0.001569493,477.7347,0,251.7882,251.7882,453.219,1709.955,174.4439,0,174.4439,0,0,339.6809,1079.468,978.42,0,687.7101,2988.65,2972.269,664.2637,0,337.8093,556.2188,142.4329,151.0729,5.072204E-05,0.1302865,0,0.1951416,0.1951416,0.1193007,0.3418704,0.07120021,0,0.07117016,0,0,0.07107636,0.45706,0.2109289,0,0.07270879,0.4583467,0.3778821,0.1857232,0,0.06447718,0.1039797,0.02128763,0.02293868,0.1391503,0.1022334,0.02725978,0.1432045,0.1432045,0.09474629,0.2557359,0.1180664,0,0.1180972,0,0,0.09828867,0.3910611,0.2497908,0,0.09296813,0.4688147,0.414678,0.21335,0.0846883,0.06383236,0.1073822,0.02176704,0.05374564,0.8984216,0.8984216,0.4291652,0.2701773,4.214603,0.4824601,1.633061,1.272807E-06,0,0.0003961672,0,0.06507815,0.7664354,0.8350285,0,0.06507775,0.7664347,0.848224,0,1.416395,1.280006,0.4274615,1.416404,1.280005,1.294025,0,0,0,0,0,0,0,0,0.1546934,0.1499625
0,19.21233,6.2807,11.13449,11.13449,8.882252,21.85393,29.0013,0,28.977,0,0,64.13966,40.77298,16.27452,0,135.1897,243.8945,92.84251,67.57335,60.14949,41.27097,36.27475,12.67306,7.783291,7.033776,207.6298,35.60821,71.21642,71.21642,443.3191,808.8652,517.2397,0,516.0126,0,0,702.3052,839.6317,1374.506,0,350.7004,2951.504,3244.783,484.3245,363.1341,244.1177,475.0732,133.2337,332.1314,0.2273138,0.05662423,0.04767302,0.05519437,0.05519437,0.1166948,0.161716,0.2111141,0,0.2105244,0,0,0.1469535,0.3555103,0.2963174,0,0.03707813,0.4526499,0.4125283,0.1354135,0.1048846,0.04659439,0.08881029,0.01991276,0.05043035,0.1410618,0.08141709,0.0414672,0.1442573,0.1442573,0.1308993,0.2137187,0.1193592,0,0.1199763,0,0,0.1040676,0.3302759,0.1950874,0,0.1017877,0.4195819,0.3871683,0.2242004,0.1106035,0.06019718,0.1826148,0.01949032,0.1208286,0.8984216,0.8984216,0.4291652,0.2701773,4.214603,0.4824601,1.633061,1.272807E-06,0,0.0003961672,0,0.06507815,0.7664354,0.8350285,0,0.06507775,0.7664347,0.848224,0,1.416395,1.280006,0.4274615,1.416404,1.280005,1.294025,0,0,0,0,0,0,0,0,0.115513,0.1550836
0,13.16381,5.692367,9.117065,9.117065,19.82584,23.31973,11.75012,0,11.69001,0,0,77.19839,68.80275,29.53083,0,125.447,342.2645,15.29267,53.25436,48.00916,34.38047,28.56074,8.308585,9.270305,0.002628017,191.7561,50.35762,308.3763,308.3763,514.7825,471.0528,210.6611,0,213.6493,0,0,371.7608,100.7152,159.2448,0,1526.606,1584.881,3250.25,964.7168,629.9746,61.67524,1432.329,112.6031,1560.289,8.493085E-05,0.05229519,0.06741984,0.2389987,0.2389987,0.1355061,0.09417732,0.08598243,0,0.08716529,0,0,0.07778892,0.04264406,0.03433017,0,0.1614018,0.2430612,0.4132234,0.2697276,0.1819565,0.01177186,0.2677599,0.01682935,0.2369119,0.09246751,0.06703717,0.06923749,0.1470287,0.1470287,0.198455,0.2251574,0.1021585,0,0.1032881,0,0,0.1133288,0.3321962,0.1249018,0,0.1590368,0.4739054,0.3961672,0.2659227,0.1433312,0.07734481,0.2639717,0.0171936,0.1975687,0.8984216,0.8984216,0.4291652,0.2701773,4.214603,0.4824601,1.633061,1.272807E-06,0,0.0003961672,0,0.06507815,0.7664354,0.8350285,0,0.06507775,0.7664347,0.848224,0,1.416395,1.280006,0.4274615,1.416404,1.280005,1.294025,0,0,0,0,0,0,0,0,0.1617391,0.1777726
0,10.34751,4.747762,13.63692,13.63692,7.022036,11.98752,4.747762,0,4.597001,0,0,76.04915,65.18552,34.94945,0,85.43718,289.4654,123.6537,41.18554,26.96218,32.24473,59.16945,4.441125,56.30215,5.836286,225.2062,71.21642,163.1774,163.1774,1138.355,1328.534,146.8164,0,159.2448,0,0,652.7104,1109.017,300.0403,0,2400.639,3942.634,3006.629,1459.949,782.5729,990.6548,2911.708,100.7152,2579.636,0.1886139,0.0614176,0.09534605,0.1264662,0.1264662,0.299649,0.2656131,0.05992391,0,0.06496917,0,0,0.1365761,0.4695712,0.06468301,0,0.2538098,0.6046519,0.3822505,0.4081908,0.2260317,0.1890848,0.5443152,0.01505263,0.3916881,0.1242384,0.06749717,0.09120026,0.1264036,0.1264036,0.2777892,0.2952072,0.08320531,0,0.085088,0,0,0.1346965,0.428297,0.1112724,0,0.2243366,0.6233544,0.3674433,0.3009269,0.1687424,0.109348,0.3030339,0.01504945,0.235009,0.8984216,0.8984216,0.4291652,0.2701773,4.214603,0.4824601,1.633061,1.272807E-06,0,0.0003961672,0,0.06507815,0.7664354,0.8350285,0,0.06507775,0.7664347,0.848224,0,1.416395,1.280006,0.4274615,1.416404,1.280005,1.294025,0,0,0,0,0,0,0,0,0.2520145,0.2072637
0,13.48106,3.936636,17.52498,17.52498,36.00185,45.67827,9.715529,0,9.787766,0,0,58.93085,28.21333,24.9258,0,67.28081,158.1089,23.41017,43.94917,53.02901,3.753435,54.00309,1.18694,32.63559,0.001443417,293.633,100.7152,61.67524,61.67524,1624.391,2737.748,118.0991,0,112.6031,0,0,709.4901,1782.212,409.1075,0,2767.92,6279.335,2818.99,1113.011,284.8658,654.6501,1081.815,87.22195,1055.114,4.664758E-05,0.08007877,0.1348397,0.04779973,0.04779973,0.4275883,0.5473563,0.04820276,0,0.04594013,0,0,0.1484569,0.7546104,0.08819585,0,0.292641,0.9630142,0.3583948,0.3111896,0.08227822,0.1249521,0.2022347,0.01303596,0.1602069,0.1141037,0.08050601,0.09197503,0.1262644,0.1262644,0.3124415,0.3848841,0.1001127,0,0.1016381,0,0,0.149792,0.4824394,0.1420796,0,0.2621823,0.7027678,0.3091744,0.275179,0.1550627,0.1105632,0.2418988,0.01294977,0.1938115,0.8984216,0.8984216,0.4291652,0.2701773,4.214603,0.4824601,1.633061,1.272807E-06,0,0.0003961672,0,0.06507815,0.7664354,0.8350285,0,0.06507775,0.7664347,0.848224,0,1.416395,1.280006,0.4274615,1.416404,1.280005,1.294025,0,0,0,0,0,0,0,0,0.2249872,0.2136181
0,21.95041,4.747762,17.11832,17.11832,21.19947,50.16185,5.692367,0,6.052233,0,0,37.77773,31.17848,11.26031,0,118.9253,51.20427,70.52188,17.80413,43.48186,23.59002,24.55567,1.678587,9.787766,10.04802,373.4623,61.67524,167.0173,167.0173,1361.064,2076.943,219.5038,0,230.7677,0,0,970.6132,1171.295,1234.026,0,2955.154,6073.409,1608.31,667.1208,717.4871,507.3394,350.7004,71.21642,627.9587,0.3247264,0.1018496,0.08257211,0.1294423,0.1294423,0.3582725,0.4152421,0.08959164,0,0.09414928,0,0,0.2030955,0.4959404,0.2660327,0,0.3124364,0.9314328,0.2044739,0.186522,0.2072329,0.09683514,0.06556001,0.01064381,0.09534833,0.1361597,0.08718584,0.06808241,0.1247021,0.1247021,0.2995817,0.4215515,0.2177579,0,0.2193112,0,0,0.1606983,0.440309,0.200123,0,0.2525217,0.6477053,0.2313881,0.1972398,0.1429932,0.09191111,0.1525493,0.01592924,0.1256791,0.8984216,0.8984216,0.4291652,0.2701773,4.214603,0.4824601,1.633061,1.272807E-06,0,0.0003961672,0,0.06507815,0.7664354,0.8350285,0,0.06507775,0.7664347,0.848224,0,1.416395,1.280006,0.4274615,1.416404,1.280005,1.294025,0,0,0,0,0,0,0,0,0.2203642,0.1947781
0,33.92671,6.167525,12.04614,12.04614,25.51238,32.00352,1.678587,0,1.678587,0,0,10.61632,70.2316,29.83932,0,203.3883,253.6548,16.91132,28.46191,19.53953,40.35621,28.80633,4.111682,25.95039,0.0008716148,386.8044,0,312.4609,312.4609,295.7841,1830.646,909.9305,0,910.6269,0,0,695.9575,246.701,1476.788,0,1776.511,786.613,949.4816,300.0403,347.0661,191.7561,443.3191,61.67524,347.0661,2.816838E-05,0.1054882,0,0.2421644,0.2421644,0.0778592,0.3660001,0.3713929,0,0.3715203,0,0,0.1456253,0.1044562,0.3183676,0,0.1878233,0.1206369,0.1207132,0.08388902,0.1002436,0.03660021,0.08287416,0.009217814,0.05269801,0.08606673,0.09260453,0.03333155,0.1311001,0.1311001,0.2818724,0.4875182,0.4361584,0,0.4368584,0,0,0.1489437,0.3425439,0.2720581,0,0.2383215,0.4783821,0.1602784,0.1185459,0.1106877,0.06238902,0.08979248,0.02586965,0.06883752,0.8984216,0.8984216,0.4291652,0.2701773,4.214603,0.4824601,1.633061,1.272807E-06,0,0.0003961672,0,0.06507815,0.7664354,0.8350285,0,0.06507775,0.7664347,0.848224,0,1.416395,1.280006,0.4274615,1.416404,1.280005,1.294025,0,0,0,0,0,0,0,0,0.1411051,0.169508
0,46.7001,5.439245,4.747762,4.747762,28.977,41.08279,28.70834,0,28.73287,0,0,21.85393,78.43862,79.08263,0,184.4606,227.6248,48.56353,36.62262,7.873274,46.7001,35.60838,6.052233,37.51577,1.933776,170.771,0,35.60821,35.60821,1180.997,2280.363,1940.268,0,1939.941,0,0,536.4924,678.4288,580.7531,0,1141.137,1715.508,1011.553,61.67524,256.7745,128.3873,330.2171,347.0661,181.567,0.06249473,0.04657219,0,0.02759718,0.02759718,0.3108737,0.4559116,0.7919306,0,0.791463,0,0,0.1122581,0.287255,0.1251994,0,0.1206477,0.2630945,0.1286047,0.01724393,0.07416458,0.02450509,0.06173086,0.05187156,0.02756887,0.08245407,0.1027959,0.009174679,0.1064087,0.1058486,0.3277223,0.5803411,0.6288763,0,0.6292079,0,0,0.1242243,0.3334647,0.2848639,0,0.2428402,0.4431974,0.1048157,0.07768182,0.08377568,0.05045898,0.08313198,0.03861855,0.05007811,0.8984216,0.8984216,0.4291652,0.2701773,4.214603,0.4824601,1.633061,1.272807E-06,0,0.0003961672,0,0.06507815,0.7664354,0.8350285,0,0.06507775,0.7664347,0.848224,0,1.416395,1.280006,0.4274615,1.416404,1.280005,1.294025,0,0,0,0,0,0,0,0,0.1077114,0.1637272
0,47.70004,4.893881,5.30816,5.30816,19.89677,104.6098,93.3948,0,93.3948,0,0,37.87085,55.79944,96.30638,0,154.9759,170.6193,14.82489,34.35997,0,42.51528,28.75738,16.27452,41.20264,0.0008379489,513.5495,0,118.0991,118.0991,2041.536,5001.765,2450.048,0,2451.083,0,0,594.7753,1059.312,2888.752,0,3997.263,3856.612,439.0079,345.2346,174.4439,440.4496,549.3375,449.0029,364.8758,2.708038E-05,0.1400538,0,0.0915295,0.0915295,0.5373932,1,1,0,1,0,0,0.1244535,0.4485254,0.6227604,0,0.4226143,0.5914595,0.05581366,0.09652501,0.0503849,0.08406797,0.1026933,0.06710675,0.05540221,0.06496308,0.1204332,0,0.08775219,0.08663189,0.3580715,0.6724713,0.6549209,0,0.6550519,0,0,0.1051764,0.4359849,0.2805,0,0.2754892,0.4929761,0.0664404,0.07309332,0.04952471,0.05117152,0.09024043,0.04247152,0.04826458,0.8984216,0.8984216,0.4291652,0.2701773,4.214603,0.4824601,1.633061,1.272807E-06,0,0.0003961672,0,0.06507815,0.7664354,0.8350285,0,0.06507775,0.7664347,0.848224,0,1.416395,1.280006,0.4274615,1.416404,1.280005,1.294025,0,0,0,0,0,0,0,0,0.2211185,0.1728598
0,33.4036,4.441125,5.814797,5.814797,53.61032,109.1063,11.6296,0,11.69001,0,0,52.6022,20.4898,6.71435,0,29.29132,42.06554,0,25.34617,6.391871,27.81098,12.78375,30.30778,39.52729,7.109642,705.9067,0,100.7152,94.21048,1626.342,3541.715,1106.728,0,1106.155,0,0,181.567,1269.479,185.0257,0,2745.842,5502.438,0,357.8583,79.62239,222.3733,675.6195,191.7561,371.7608,0.2297656,0.1925129,0,0.07805663,0.07301529,0.4281017,0.708093,0.4517168,0,0.4512924,0,0,0.0379919,0.5375131,0.03988805,0,0.2903066,0.8438674,0,0.1000545,0.02299746,0.04244406,0.1263004,0.02865935,0.05644762,0.1181961,0.1299351,0,0.06844935,0.06676891,0.3314825,0.6099623,0.4978102,0,0.4979648,0,0,0.1026265,0.6050485,0.170133,0,0.2533857,0.5425981,0.05985831,0.08048876,0.03493729,0.04581152,0.0905012,0.03791643,0.04755145,0.8984216,0.8984216,0.4291652,0.2701773,4.214603,0.4824601,1.633061,1.272807E-06,0,0.0003961672,0,0.06507815,0.7664354,0.8350285,0,0.06507775,0.7664347,0.848224,0,1.416395,1.280006,0.4274615,1.416404,1.280005,1.294025,0,0,0,0,0,0,0,0,0.2055992,0.1728575
0,20.17802,4.111682,7.873274,7.962241,19.96746,84.24144,48.59254,0,48.56353,0,0,55.8373,21.82167,0,0,82.80758,141.3506,1.18694,21.85393,9.270305,20.52415,16.48952,36.68029,35.02998,0.00116545,293.633,0,79.62239,79.62239,207.6298,1791.792,87.22195,0,94.21048,0,0,607.4315,1946.792,35.60821,0,1908.973,2137.718,413.7304,178.0411,0,198.2582,241.5067,71.21642,312.4609,3.766438E-05,0.08007877,0,0.06170918,0.06170918,0.05465436,0.3582319,0.0356001,0,0.03843627,0,0,0.1271017,0.8242955,0.007676458,0,0.2018279,0.3278456,0.05259998,0.04977895,0,0.03784125,0.04514731,0.01064381,0.04744361,0.1629688,0.1387048,0,0.0617741,0.06065381,0.2701919,0.4925481,0.2997105,0,0.300275,0,0,0.1423679,0.7552954,0.1384392,0,0.2002852,0.4206726,0.1219499,0.1050831,0.03197583,0.03677479,0.09651203,0.03310356,0.04184889,0.8984216,0.8984216,0.4291652,0.2701773,4.214603,0.4824601,1.633061,1.272807E-06,0,0.0003961672,0,0.06507815,0.7664354,0.8350285,0,0.06507775,0.7664347,0.848224,0,1.416395,1.280006,0.4274615,1.416404,1.280005,1.294025,0,0,0,0,0,0,0,0,0.124656,0.1642037
0,17.44441,3.753435,10.21045,10.21045,17.11832,50.9007,45.50832,0,45.49284,0,0,44.64885,86.71397,1.678587,0,142.5667,212.599,14.96676,16.36086,9.270305,18.15672,24.38294,34.86874,27.35126,9.649402,385.162,0,61.67524,61.67524,775.2475,965.3736,641.9372,0,635.9841,0,0,928.5518,2361.765,118.0991,0,378.5208,1630.624,1520.364,409.1075,244.1177,87.22195,418.3021,320.4741,167.0173,0.3118441,0.1050403,0,0.04779973,0.04779973,0.2040682,0.1930066,0.2620101,0,0.2594707,0,0,0.1942944,1,0.02545993,0,0.04001946,0.2500765,0.1932928,0.1143834,0.07050888,0.01664793,0.07819748,0.04789718,0.02535967,0.2572752,0.1809869,0,0.04445206,0.04389191,0.2876239,0.4036687,0.2011374,0,0.2016213,0,0,0.2125879,0.8014872,0.1315728,0,0.1611658,0.3090004,0.1986723,0.1766766,0.04411139,0.02575123,0.1353411,0.03587019,0.03206486,0.8984216,0.8984216,0.4291652,0.2701773,4.214603,0.4824601,1.633061,1.272807E-06,0,0.0003961672,0,0.06507815,0.7664354,0.8350285,0,0.06507775,0.7664347,0.848224,0,1.416395,1.280006,0.4274615,1.416404,1.280005,1.294025,0,0,0,0,0,0,0,0,0.1396599,0.1660912
0,9.787766,3.753435,12.04614,12.04614,23.31973,82.85011,24.12153,0,24.26711,0,0,61.56174,165.4271,2.055841,0,149.1417,158.2292,35.68742,8.559152,0,18.99107,18.23415,25.34617,22.73855,11.86231,1000.842,0,35.60821,35.60821,1770.434,2781.175,399.7014,0,405.9963,0,0,1486.203,1892.294,2177.68,0,1076.528,151.0729,3911.955,969.306,174.4439,79.62239,1184.749,306.3136,100.7152,0.3833598,0.2729468,0,0.02759718,0.02759718,0.466031,0.5560386,0.1631403,0,0.1656396,0,0,0.3109797,0.8012203,0.4694667,0,0.1138169,0.0231689,0.4973499,0.2710107,0.0503849,0.01519741,0.2214772,0.04578079,0.01529245,0.3024436,0.2296392,0,0.02974415,0.02974415,0.330968,0.4330828,0.1761942,0,0.1772783,0,0,0.2619831,0.6910079,0.1910732,0,0.1979745,0.3185845,0.2521301,0.2435936,0.05045243,0.02659626,0.1716725,0.0374105,0.02895693,0.8984216,0.8984216,0.4291652,0.2701773,4.214603,0.4824601,1.633061,1.272807E-06,0,0.0003961672,0,0.06507815,0.7664354,0.8350285,0,0.06507775,0.7664347,0.848224,0,1.416395,1.280006,0.4274615,1.416404,1.280005,1.294025,0,0,0,0,0,0,0,0,0.1922288,0.1777175
0,34.62546,3.936636,13.37615,13.37615,45.57019,14.6336,10.74821,0,10.74821,0,0,82.55196,102.3494,72.91855,0,130.101,163.361,94.7131,35.50932,4.597001,21.36496,39.6163,15.52127,19.79028,11.86306,1522.447,0,0,0,1925.837,2587.734,428.78,0,433.1929,0,0,1989.316,1003.372,526.954,0,3866.958,3161.644,851.6271,1807.293,213.6493,174.4439,1732.791,251.7882,201.4305,0.383384,0.4151975,0,0,0,0.5069376,0.5173642,0.1750088,0,0.1767354,0,0,0.4162535,0.4248401,0.1136013,0,0.4088377,0.4848774,0.1082724,0.5053057,0.06170866,0.03329586,0.3239283,0.03763158,0.03058491,0.2879538,0.2587464,0,0.0316283,0.0316283,0.3661223,0.4583303,0.1967503,0,0.1975701,0,0,0.271848,0.5383666,0.1685711,0,0.2672259,0.4565032,0.2120567,0.298671,0.0504376,0.03594423,0.1854805,0.03802093,0.0352484,0.8984216,0.8984216,0.4291652,0.2701773,4.214603,0.4824601,1.633061,1.272807E-06,0,0.0003961672,0,0.06507815,0.7664354,0.8350285,0,0.06507775,0.7664347,0.848224,0,1.416395,1.280006,0.4274615,1.416404,1.280005,1.294025,0,0,0,0,0,0,0,0,0.2364722,0.1901824
0,36.4491,4.279575,14.2433,14.2433,22.80042,71.61227,3.560822,0,3.560822,0,0,83.60346,135.6736,90.01461,0,41.94815,57.97881,66.29991,29.86291,2.055841,25.67751,26.85747,23.88676,19.71896,5.613661,466.9977,0,35.60821,35.60821,394.9144,2254.076,457.3961,0,460.1599,0,0,366.6092,334.0348,118.0991,0,3223.215,6520.501,954.8083,322.4462,133.2337,293.633,167.0173,118.0991,364.8758,0.1814193,0.1273583,0,0.02759718,0.02759718,0.1039532,0.4506561,0.1866887,0,0.1877374,0,0,0.07671096,0.1414344,0.02545993,0,0.3407774,1,0.1213904,0.09015354,0.03848211,0.0560453,0.03122226,0.01765077,0.05540221,0.2122865,0.2114778,0,0.06070891,0.06093875,0.3533067,0.4763032,0.2291743,0,0.2295299,0,0,0.2261875,0.4805875,0.1547447,0,0.2977559,0.5542342,0.165467,0.2826633,0.04082999,0.04378631,0.140623,0.03653819,0.04438822,0.8984216,0.8984216,0.4291652,0.2701773,4.214603,0.4824601,1.633061,1.272807E-06,0,0.0003961672,0,0.06507815,0.7664354,0.8350285,0,0.06507775,0.7664347,0.848224,0,1.416395,1.280006,0.4274615,1.416404,1.280005,1.294025,0,0,0,0,0,0,0,0,0.1458513,0.1892465
0,50.52565,4.747762,14.72956,14.72956,24.03376,45.13529,18.87947,0,18.99107,0,0,94.95825,128.4386,86.20879,0,119.1857,159.3784,34.44188,39.72285,6.71435,33.19204,30.33102,27.81098,19.39479,0.0009229294,650.765,0,163.1774,163.1774,1634.508,1833.069,695.9575,0,690.4702,0,0,1090.57,1618.918,746.9258,0,2168.928,2330.96,1202.806,1199.639,71.21642,337.8093,609.5153,364.8758,386.8044,2.982673E-05,0.1774748,0,0.1264662,0.1264662,0.4302512,0.3664844,0.2840587,0,0.2817001,0,0,0.2281959,0.6854697,0.1610231,0,0.2293119,0.3574817,0.1529198,0.3354101,0.02056955,0.06447718,0.1139429,0.05453334,0.05873182,0.1681549,0.1612695,0.007491094,0.09582448,0.09628416,0.3679324,0.4377521,0.2679871,0,0.2673554,0,0,0.2116635,0.5458841,0.1717241,0,0.2926445,0.557183,0.1217504,0.2709326,0.03352856,0.04946665,0.1072159,0.04834044,0.05772011,0.8984216,0.8984216,0.4291652,0.2701773,4.214603,0.4824601,1.633061,1.272807E-06,0,0.0003961672,0,0.06507815,0.7664354,0.8350285,0,0.06507775,0.7664347,0.848224,0,1.416395,1.280006,0.4274615,1.416404,1.280005,1.294025,0,0,0,0,0,0,0,0,0.1864051,0.1905174
0,58.51097,5.439245,9.787766,9.787766,41.88093,89.51232,42.09902,0,42.09902,0,0,94.58657,74.85405,61.30947,0,189.7193,237.0549,5.567245,33.67663,4.111682,40.80752,17.24132,15.52127,22.33219,6.687832,230.7677,0,236.1982,238.8672,2003.923,3056.201,1032.028,0,1029.568,0,0,982.9452,2076.333,1380.489,0,2528.748,1827.18,828.2281,1148.336,128.3873,79.62239,399.7014,306.3136,259.2318,0.2161338,0.06293431,0,0.1830591,0.1851276,0.5274923,0.6110245,0.4212278,0,0.4200463,0,0,0.2056759,0.8791447,0.2976073,0,0.2673542,0.2802208,0.1052975,0.3210663,0.03708229,0.01519741,0.07472027,0.04578079,0.03936138,0.2038138,0.1451774,0.01498219,0.1112139,0.112725,0.3525051,0.4157482,0.2692026,0,0.2687265,0,0,0.2178396,0.5547857,0.2510481,0,0.2888692,0.5791055,0.1137868,0.2719496,0.03879569,0.05378438,0.1053194,0.06964689,0.07265405,0.8984216,0.8984216,0.4291652,0.2701773,4.214603,0.4824601,1.633061,1.272807E-06,0,0.0003961672,0,0.06507815,0.7664354,0.8350285,0,0.06507775,0.7664347,0.848224,0,1.416395,1.280006,0.4274615,1.416404,1.280005,1.294025,0,0,0,0,0,0,0,0,0.2276814,0.1973963
0,55.29215,5.035762,6.052233,6.167525,32.02552,29.02558,7.600129,0,7.692255,0,0,100.8936,5.692367,15.79123,0,121.6489,176.135,33.21326,44.88488,8.64106,39.72285,12.33505,5.30816,21.46365,10.36017,451.818,50.35762,79.62239,79.62239,952.8143,998.3048,413.7304,0,413.7304,0,0,1143.911,922.3865,1404.167,0,3033.921,5848.125,592.6396,373.4623,94.21048,398.1122,466.9977,715.7177,811.2131,0.3348144,0.1232185,0.06741984,0.06170918,0.06170918,0.2508091,0.1995905,0.1688662,0,0.168795,0,0,0.2393571,0.3905497,0.3027118,0,0.3207641,0.8968827,0.07534576,0.1044173,0.02721096,0.07598709,0.08730065,0.1069692,0.1231734,0.2539153,0.2042445,0.02247328,0.1057957,0.1078987,0.2881492,0.3606177,0.1994871,0,0.2000006,0,0,0.2627953,0.463992,0.3337141,0,0.288228,0.5998881,0.1224383,0.3138542,0.04924343,0.0626963,0.1598587,0.0976022,0.09000266,0.8984216,0.8984216,0.4291652,0.2701773,4.214603,0.4824601,1.633061,1.272807E-06,0,0.0003961672,0,0.06507815,0.7664354,0.8350285,0,0.06507775,0.7664347,0.848224,0,1.416395,1.280006,0.4274615,1.416404,1.280005,1.294025,0,0,0,0,0,0,0,0,0.1719037,0.2049752
0,44.26857,3.560822,6.920994,6.920994,10.48278,43.36831,6.167525,0,6.052233,0,0,80.87076,25.0948,31.20107,0,66.50149,18.7672,52.97585,35.76628,5.439245,28.87959,18.65425,18.57858,30.90617,10.36021,1426.564,0,61.67524,71.21642,471.0528,1629.847,163.1774,0,170.771,0,0,1585.281,146.8164,1918.911,0,3375.051,5624.315,1024.63,1840.318,359.6255,531.7447,1551.323,995.7613,767.8523,0.3348156,0.3890485,0,0.04779973,0.05519437,0.1239951,0.3258543,0.06660171,0,0.06967167,0,0,0.3317114,0.06216387,0.4136809,0,0.3568304,0.8625587,0.1302673,0.5145391,0.1038712,0.1014933,0.2900047,0.1488238,0.1165896,0.2497749,0.2917448,0.01498219,0.1390791,0.141869,0.1990644,0.3240591,0.123329,0,0.1252093,0,0,0.3182302,0.3021245,0.3879054,0,0.2884056,0.5571741,0.1466953,0.3891774,0.05906285,0.07038148,0.2287013,0.1124986,0.1025434,0.8984216,0.8984216,0.4291652,0.2701773,4.214603,0.4824601,1.633061,1.272807E-06,0,0.0003961672,0,0.06507815,0.7664354,0.8350285,0,0.06507775,0.7664347,0.848224,0,1.416395,1.280006,0.4274615,1.416404,1.280005,1.294025,0,0,0,0,0,0,0,0,0.2310537,0.2178181
0,35.2105,2.373881,6.391871,6.2807,18.19547,42.74662,11.69001,0,11.69001,0,0,81.86641,20.14308,95.17316,0,124.709,206.2787,87.15157,37.75908,6.2807,22.48935,34.9696,51.75164,55.1646,5.534659,1419.435,0,230.7677,230.7677,409.1075,2033.446,71.21642,0,79.62239,0,0,1644.562,1030.184,2373.547,0,1457.341,425.8126,1981.012,1805.539,204.5536,201.4305,1783.635,761.2184,460.1599,0.1788661,0.3871044,0,0.1788502,0.1788502,0.1076893,0.4065457,0.02906736,0,0.03248458,0,0,0.3441156,0.4361924,0.511692,0,0.1540787,0.06530366,0.2518578,0.5048151,0.05908154,0.03844675,0.333433,0.1137696,0.06987001,0.1857867,0.3518152,0.0127881,0.2387087,0.2428896,0.1664733,0.2802539,0.07184377,0,0.07414325,0,0,0.3658135,0.2440149,0.3788817,0,0.2775441,0.4075096,0.2402694,0.424956,0.05131747,0.07981418,0.2786703,0.1052584,0.1051426,0.8984216,0.8984216,0.4291652,0.2701773,4.214603,0.4824601,1.633061,1.272807E-06,0,0.0003961672,0,0.06507815,0.7664354,0.8350285,0,0.06507775,0.7664347,0.848224,0,1.416395,1.280006,0.4274615,1.416404,1.280005,1.294025,0,0,0,0,0,0,0,0,0.2251908,0.2345792
0,39.95272,1.678587,9.569424,9.642754,20.55844,47.38889,8.961206,0,9.039472,0,0,31.42603,14.19375,16.01272,0,164.9749,192.2508,153.1878,33.17081,13.27041,28.11328,29.6023,77.12535,59.31214,0.001006454,1374.967,0,573.0607,574.166,665.2175,578.5658,228.0039,0,233.4987,0,0,2371.944,0,1501.481,0,2914.32,1449.489,1335.199,1500.214,35.60821,444.7468,1455.6,526.954,972.5708,3.252604E-05,0.3749771,0,0.4441352,0.4449918,0.1751051,0.1156723,0.09306099,0,0.09526351,0,0,0.4963163,0,0.323691,0,0.3081191,0.2222972,0.1697517,0.4194486,0.01028477,0.08488818,0.2721101,0.07875712,0.1476737,0.1060695,0.3650087,0.01059401,0.3506522,0.3480881,0.2012807,0.2264033,0.06554676,0,0.06709576,0,0,0.3856828,0.2127705,0.3035648,0,0.2902474,0.34368,0.3209842,0.4171358,0.03736228,0.09577335,0.2880795,0.07900549,0.1256366,0.8984216,0.8984216,0.4291652,0.2701773,4.214603,0.4824601,1.633061,1.272807E-06,0,0.0003961672,0,0.06507815,0.7664354,0.8350285,0,0.06507775,0.7664347,0.848224,0,1.416395,1.280006,0.4274615,1.416404,1.280005,1.294025,0,0,0,0,0,0,0,0,0.2453315,0.2486099
0,34.9696,1.678587,26.08576,26.08576,34.76758,55.10071,1.18694,0,1.18694,0,0,82.94359,15.1073,34.00966,0,201.8508,144.0515,108.6598,19.96746,15.0606,40.07595,32.02552,94.67591,55.01115,4.05264,1297.145,35.60821,730.621,757.8796,1239.153,1100.409,174.4439,0,174.4439,0,0,1742.278,880.1813,451.818,0,3641.467,2641.328,5753.429,1208.065,100.7152,808.0811,1584.481,293.633,559.6277,0.130971,0.3537537,0.04767302,0.5662481,0.5873742,0.3261819,0.2200041,0.07120021,0,0.07117016,0,0,0.3645621,0.3726795,0.09740341,0,0.3849974,0.4050805,0.7314672,0.3377659,0.02908974,0.1542373,0.2962032,0.04388558,0.08497305,0.1048075,0.3235547,0.01589101,0.386391,0.376278,0.239624,0.1848844,0.0596162,0,0.05763359,0,0,0.3282139,0.2468908,0.2157659,0,0.2939675,0.381864,0.3974436,0.3647771,0.03189555,0.1129126,0.2755369,0.05347771,0.1427462,0.8984216,0.8984216,0.4291652,0.2701773,4.214603,0.4824601,1.633061,1.272807E-06,0,0.0003961672,0,0.06507815,0.7664354,0.8350285,0,0.06507775,0.7664347,0.848224,0,1.416395,1.280006,0.4274615,1.416404,1.280005,1.294025,0,0,0,0,0,0,0,0,0.3109664,0.2465674
0,55.8373,2.055841,2.907398,3.936636,36.68029,27.32549,4.279575,0,4.441125,0,0,46.07749,14.19375,49.05424,0,131.8921,56.00106,83.12177,21.72462,11.69001,63.65457,48.11176,104.4345,36.35234,0.001180172,1061.105,0,368.3344,271.1841,1118.693,558.4937,106.8246,0,100.7152,0,0,1114.15,555.0778,599.0237,0,2391.908,4061.629,2223.49,1059.312,87.22195,630.9801,1214.868,71.21642,1721.779,3.814016E-05,0.2893817,0,0.2854677,0.2101739,0.2944734,0.1116593,0.04360104,0,0.0410901,0,0,0.2331298,0.2350267,0.1291382,0,0.2528867,0.6229013,0.2826854,0.2961756,0.02519245,0.1204343,0.2271077,0.01064381,0.2614325,0.111646,0.2522183,0.01059401,0.3142509,0.2875841,0.2274602,0.1641018,0.04526356,0,0.04009713,0,0,0.2458438,0.2229083,0.1808951,0,0.2699129,0.4366733,0.3668339,0.3060792,0.03150568,0.1178926,0.2455308,0.04788969,0.1690775,0.8984216,0.8984216,0.4291652,0.2701773,4.214603,0.4824601,1.633061,1.272807E-06,0,0.0003961672,0,0.06507815,0.7664354,0.8350285,0,0.06507775,0.7664347,0.848224,0,1.416395,1.280006,0.4274615,1.416404,1.280005,1.294025,0,0,0,0,0,0,0,0,0.1981267,0.2130984
0,77.73493,2.907398,11.38474,7.962241,33.57188,37.64698,7.962241,0,8.137257,0,0,46.07749,32.72181,29.07407,0,101.638,79.39379,157.2329,20.83075,14.82489,84.6419,56.7508,106.4987,46.48844,11.4906,494.6856,0,181.567,174.4439,498.5155,713.9439,50.35762,0,0,0,0,273.512,466.9977,1077.705,0,2030.013,3037.472,1776.511,1193.28,241.5067,547.0244,1387.361,381.8558,933.3188,0.3713471,0.1349093,0,0.1407186,0.1351981,0.1312241,0.1427384,0.02055373,0,0,0,0,0.05723088,0.1977325,0.2323329,0,0.214625,0.4658341,0.2258584,0.3336323,0.06975475,0.1044098,0.2593535,0.05707113,0.1417138,0.1601125,0.1740627,0.005297003,0.225972,0.1773682,0.1687315,0.1819054,0.02840707,0,0.02099283,0,0,0.1560973,0.2089776,0.2153535,0,0.2237625,0.3722219,0.3109201,0.2698684,0.03823601,0.1164363,0.2313548,0.06861971,0.1704856,0.8984216,0.8984216,0.4291652,0.2701773,4.214603,0.4824601,1.633061,1.272807E-06,0,0.0003961672,0,0.06507815,0.7664354,0.8350285,0,0.06507775,0.7664347,0.848224,0,1.416395,1.280006,0.4274615,1.416404,1.280005,1.294025,0,0,0,0,0,0,0,0,0.1741006,0.1756614
0,90.13975,3.357175,16.65952,13.37615,29.0013,53.76778,9.495527,0,9.495527,0,0,39.29493,48.28714,7.121644,0,102.5489,180.6426,98.01039,40.42597,22.89292,96.10134,60.92912,93.7186,47.75907,0.0009596163,181.567,0,146.8164,87.22195,280.3795,1504.434,0,0,0,0,0,828.2281,378.5208,1194.343,0,1543.539,633.9872,2902.766,371.7608,0,511.0746,776.8813,792.2347,898.0078,3.101236E-05,0.04951645,0,0.1137861,0.06759902,0.07380423,0.3007806,0,0,0,0,0,0.1733022,0.1602703,0.2574777,0,0.1631921,0.09722982,0.3690457,0.1039415,0,0.09754805,0.1452304,0.1184052,0.1363522,0.1714306,0.1211542,0,0.1654674,0.09919475,0.1060967,0.1841034,0.02417444,0,0.01932171,0,0,0.1175404,0.1639741,0.2589127,0,0.1772078,0.2404321,0.25006,0.2474388,0.04378692,0.1113133,0.2123106,0.1043682,0.1718287,0.8984216,0.8984216,0.4291652,0.2701773,4.214603,0.4824601,1.633061,1.272807E-06,0,0.0003961672,0,0.06507815,0.7664354,0.8350285,0,0.06507775,0.7664347,0.848224,0,1.416395,1.280006,0.4274615,1.416404,1.280005,1.294025,0,0,0,0,0,0,0,0,0.1080397,0.142841
0,88.4753,3.936636,16.44674,15.83577,19.71896,42.81248,8.802588,0,8.722198,0,0,16.40386,60.9638,46.62461,0,100.8796,201.6027,194.7784,46.50359,23.73886,89.82658,69.56643,67.31222,77.67146,6.060555,477.7347,0,318.4897,61.67524,236.1982,820.5378,87.22195,0,87.22195,0,0,266.4675,293.633,1718.831,0,1445.547,698.6849,674.6805,1036.931,191.7561,757.0427,1408.225,966.0301,1506.119,0.1958617,0.1302865,0,0.2468368,0.04779973,0.06217441,0.1640497,0.0356001,0,0.03558508,0,0,0.05575687,0.1243278,0.3705475,0,0.1528319,0.107152,0.08577611,0.2899182,0.05538521,0.1444956,0.2632538,0.1443802,0.2286869,0.2084359,0.1141128,0,0.1563066,0.0883358,0.06510728,0.1533321,0.03780757,0,0.03550882,0,0,0.09385756,0.1530942,0.355205,0,0.1499907,0.1515656,0.2487727,0.2639525,0.06637796,0.10832,0.2053864,0.1405596,0.1694314,0.8984216,0.8984216,0.4291652,0.2701773,4.214603,0.4824601,1.633061,1.272807E-06,0,0.0003961672,0,0.06507815,0.7664354,0.8350285,0,0.06507775,0.7664347,0.848224,0,1.416395,1.280006,0.4274615,1.416404,1.280005,1.294025,0,0,0,0,0,0,0,0,0.1353514,0.1360814
0,78.95782,4.597001,14.82489,15.38452,12.78375,27.377,5.814797,0,5.692367,0,0,14.96676,70.75127,103.683,0,102.0116,178.4563,217.3047,27.98772,17.28213,64.69738,77.15275,35.11033,125.2671,12.63488,447.5887,0,112.6031,146.8164,198.2582,146.8164,151.0729,0,151.0729,0,0,376.8421,273.512,1033.87,0,1111.301,673.7402,1867.676,1329.965,410.6542,476.4059,1084.741,1141.137,890.2081,0.4083271,0.1220651,0,0.08726996,0.1137861,0.05218746,0.02935293,0.0616612,0,0.06163517,0,0,0.07885215,0.1158083,0.2228828,0,0.1174933,0.1033264,0.2374486,0.3718483,0.1186099,0.09093089,0.2027818,0.1705512,0.1351679,0.2580655,0.1385743,0.007491094,0.1492976,0.1012632,0.04662827,0.108886,0.05160383,0,0.05158204,0,0,0.09582651,0.1598738,0.3940178,0,0.1318926,0.1359115,0.2603365,0.2837015,0.08107644,0.09572271,0.1720546,0.1718408,0.1935375,0.8984216,0.8984216,0.4291652,0.2701773,4.214603,0.4824601,1.633061,1.272807E-06,0,0.0003961672,0,0.06507815,0.7664354,0.8350285,0,0.06507775,0.7664347,0.848224,0,1.416395,1.280006,0.4274615,1.416404,1.280005,1.294025,0,0,0,0,0,0,0,0,0.1444186,0.140557
0,65.40131,4.747762,14.19375,12.5052,15.01375,23.82771,0,0,0,0,0,23.04626,61.91546,137.9653,0,117.5188,156.2889,155.0487,62.06319,3.560822,48.78063,96.85347,2.907398,151.0524,3.102801,579.6605,0,159.2448,198.2582,61.67524,424.3211,219.5038,0,219.5038,0,0,553.9344,602.1904,4138.344,0,1091.732,1145.573,4269.283,789.0272,430.256,314.4833,552.7888,1317.513,1014.682,0.1002747,0.1580834,0,0.1234184,0.1536546,0.01623476,0.08483428,0.08959164,0,0.08955382,0,0,0.1159078,0.2549748,0.8921488,0,0.1154244,0.1756878,0.542779,0.2206061,0.1242715,0.06002498,0.1033385,0.1969119,0.1540678,0.2804742,0.1577244,0.03408081,0.1838049,0.1183094,0.0388562,0.07832087,0.06023565,0,0.06021022,0,0,0.138887,0.1727992,0.4222467,0,0.1171754,0.1852698,0.251108,0.2731356,0.08686427,0.1088448,0.139728,0.1903928,0.3144633,0.8984216,0.8984216,0.4291652,0.2701773,4.214603,0.4824601,1.633061,1.272807E-06,0,0.0003961672,0,0.06507815,0.7664354,0.8350285,0,0.06507775,0.7664347,0.848224,0,1.416395,1.280006,0.4274615,1.416404,1.280005,1.294025,0,0,0,0,0,0,0,0,0.1396606,0.1552366
0,46.23012,5.035762,13.84199,7.692255,14.91962,18.84212,6.608606,0,6.71435,0,0,40.02318,41.88093,0,0,134.7774,118.1645,12.72853,37.40294,10.74821,58.03953,106.9015,46.89578,143.0551,15.63563,933.9979,50.35762,293.633,128.3873,123.3505,466.9977,71.21642,0,71.21642,0,0,522.1194,407.5549,439.0079,0,1275.458,1632.179,35.60821,1118.693,50.35762,430.256,330.2171,1565.157,2861.406,0.5053039,0.2547173,0.06741984,0.2275723,0.09950309,0.03246952,0.09336659,0.02906736,0,0.02905509,0,0,0.1092506,0.1725637,0.0946418,0,0.134849,0.2503149,0.004527082,0.3127782,0.01454487,0.08212234,0.06173086,0.2339241,0.4344717,0.3010324,0.1838692,0.07364548,0.2994234,0.1680216,0.0424263,0.07645175,0.05703248,0,0.05684535,0,0,0.2058754,0.1468713,0.2874359,0,0.1222657,0.254579,0.1698954,0.2527282,0.08626194,0.1286846,0.1582475,0.1836973,0.4361904,0.8984216,0.8984216,0.4291652,0.2701773,4.214603,0.4824601,1.633061,1.272807E-06,0,0.0003961672,0,0.06507815,0.7664354,0.8350285,0,0.06507775,0.7664347,0.848224,0,1.416395,1.280006,0.4274615,1.416404,1.280005,1.294025,0,0,0,0,0,0,0,0,0.1736936,0.1834795
0,24.20898,4.893881,7.506873,3.560822,10.81355,30.65443,9.039472,0,9.039472,0,0,45.47735,28.38757,14.6336,0,159.2502,63.78724,14.14404,67.40634,12.67306,70.57182,101.5756,99.06141,123.9383,6.198512,225.2062,128.3873,525.7496,167.0173,264.0777,204.5536,137.91,0,137.91,0,0,2247.597,210.6611,548.1821,0,480.3815,2125.225,486.9355,490.8258,302.1458,1618.526,830.5214,1133.891,6585.943,0.2003202,0.0614176,0.1718876,0.407468,0.1294423,0.06951311,0.04089629,0.05628871,0,0.05626495,0,0,0.4702973,0.08919646,0.1181777,0,0.05078878,0.3259296,0.06190697,0.1372312,0.08726924,0.3089258,0.1552578,0.1694683,1,0.2947977,0.2309972,0.09822796,0.4479363,0.2569729,0.05193799,0.09752272,0.06114825,0,0.06092811,0,0,0.2865654,0.1047863,0.1834527,0,0.1411689,0.3359148,0.1186491,0.2074939,0.1157684,0.2250746,0.2485998,0.1541505,0.5029646,0.8984216,0.8984216,0.4291652,0.2701773,4.214603,0.4824601,1.633061,1.272807E-06,0,0.0003961672,0,0.06507815,0.7664354,0.8350285,0,0.06507775,0.7664347,0.848224,0,1.416395,1.280006,0.4274615,1.416404,1.280005,1.294025,0,0,0,0,0,0,0,0,0.2065718,0.2251108
0,20.76301,4.597001,10.14123,4.893881,3.936636,36.68029,4.441125,0,4.279575,0,0,65.12064,21.36496,32.04751,0,153.0267,7.121644,2.055841,66.19358,2.373881,56.56429,77.5898,136.868,100.1507,5.689275,1208.59,87.22195,1113.581,688.6313,230.7677,635.9841,178.0411,0,174.4439,0,0,1308.823,0,275.8201,0,2326.059,2827.973,540.0259,889.4957,661.3944,434.654,2776.611,322.4462,1178.848,0.1838629,0.3296032,0.1167746,0.8630508,0.5337051,0.06074492,0.1271519,0.07266841,0,0.07117016,0,0,0.2738639,0,0.05946161,0,0.2459247,0.4337048,0.06865668,0.2486963,0.1910315,0.08296178,0.5190603,0.04819193,0.1789946,0.3248704,0.2981971,0.0846132,0.5286068,0.3428115,0.05284238,0.1157268,0.07113902,0,0.07088339,0,0,0.3264158,0.07331718,0.1411956,0,0.172373,0.4061077,0.1454758,0.1960189,0.1390605,0.3508186,0.3679832,0.1245936,0.3746249,0.8984216,0.8984216,0.4291652,0.2701773,4.214603,0.4824601,1.633061,1.272807E-06,0,0.0003961672,0,0.06507815,0.7664354,0.8350285,0,0.06507775,0.7664347,0.848224,0,1.416395,1.280006,0.4274615,1.416404,1.280005,1.294025,0,0,0,0,0,0,0,0,0.2933512,0.2570234
0,50.80373,6.391871,27.78564,27.78564,6.052233,44.18893,1.18694,0,1.18694,0,0,47.78856,20.72906,31.24619,0,180.6387,101.3464,20.10808,59.60832,19.4673,48.03849,95.85912,147.6221,77.50803,17.74924,2082.736,0,650.765,650.765,213.6493,1146.126,216.5963,0,219.5038,0,0,1367.106,178.0411,446.17,0,2281.197,3271.445,1517.859,401.2844,847.1486,3713.029,2710.516,788.2233,959.4449,0.5736105,0.5679978,0,0.5043578,0.5043578,0.05623887,0.2291443,0.08840495,0,0.08955382,0,0,0.2860594,0.07538477,0.09618581,0,0.2411816,0.5017167,0.1929744,0.1121961,0.2446832,0.7087004,0.5067044,0.1178057,0.1456807,0.3734349,0.3541791,0.05253962,0.4418236,0.3377439,0.0480345,0.1314655,0.08159409,0,0.08162892,0,0,0.3736558,0.07491686,0.2959634,0,0.1715533,0.4164755,0.3284655,0.2486301,0.1697196,0.5146896,0.4285954,0.1186664,0.2362431,0.8984216,0.8984216,0.4291652,0.2701773,4.214603,0.4824601,1.633061,1.272807E-06,0,0.0003961672,0,0.06507815,0.7664354,0.8350285,0,0.06507775,0.7664347,0.848224,0,1.416395,1.280006,0.4274615,1.416404,1.280005,1.294025,0,0,0,0,0,0,0,0,0.3325313,0.2667427
0,33.23446,7.219878,11.86941,11.86941,11.38474,30.19135,8.882252,0,8.802588,0,0,70.15131,26.51431,46.1386,0,122.4283,210.3458,30.49315,58.82317,47.72956,97.98164,62.05183,121.3532,62.13126,9.873287,665.2175,0,151.0729,151.0729,35.60821,133.2337,254.2936,0,254.2936,0,0,2361.765,373.4623,2639.407,0,896.5948,2922.793,4633.017,738.3892,0,4144.775,1973.959,1126.036,716.603,0.3190796,0.1814163,0,0.117085,0.117085,0.009373142,0.02663735,0.1037913,0,0.1037475,0,0,0.4941864,0.1581285,0.5690063,0,0.09479331,0.4482466,0.5890228,0.2064481,0,0.7911071,0.3690123,0.1682943,0.1088079,0.3836901,0.3822528,0.04384815,0.3085783,0.2719843,0.04625688,0.1224975,0.07563332,0,0.07570194,0,0,0.4258354,0.1495566,0.5313532,0,0.1877064,0.3512362,0.5270056,0.3562001,0.2021032,0.6175176,0.4247197,0.1224818,0.1271551,0.8984216,0.8984216,0.4291652,0.2701773,4.214603,0.4824601,1.633061,1.272807E-06,0,0.0003961672,0,0.06507815,0.7664354,0.8350285,0,0.06507775,0.7664347,0.848224,0,1.416395,1.280006,0.4274615,1.416404,1.280005,1.294025,0,0,0,0,0,0,0,0,0.1812572,0.2593497
0,22.67651,6.608606,9.421051,9.421051,12.10447,31.62712,17.36346,0,17.40398,0,0,81.97821,38.93475,41.83044,0,103.3632,307.7425,172.9168,58.87106,48.3746,205.2785,52.21239,83.80546,48.36003,13.42547,1467.313,50.35762,123.3505,123.3505,204.5536,736.67,146.8164,0,146.8164,0,0,2381.548,100.7152,4638.625,0,834.3294,999.5741,7865.6,3052.88,1122.088,2352.62,2170.973,750.3133,747.7741,0.433877,0.4001614,0.06741984,0.09559945,0.09559945,0.05384461,0.147282,0.05992391,0,0.05989861,0,0,0.4983258,0.04264406,1,0,0.08821025,0.1532971,1,0.8535624,0.3240944,0.4490411,0.4058422,0.1121398,0.1135409,0.4564077,0.4879472,0.07794422,0.2877979,0.2877474,0.06754701,0.128633,0.05286213,0,0.05297162,0,0,0.4887312,0.2830471,0.710417,0,0.2834042,0.2502344,0.6542629,0.5442519,0.2812836,0.6356789,0.4585631,0.1596523,0.1112418,0.8984216,0.8984216,0.4291652,0.2701773,4.214603,0.4824601,1.633061,1.272807E-06,0,0.0003961672,0,0.06507815,0.7664354,0.8350285,0,0.06507775,0.7664347,0.848224,0,1.416395,1.280006,0.4274615,1.416404,1.280005,1.294025,0,0,0,0,0,0,0,0,0.2473014,0.3036155
0,36.37171,4.441125,10.48278,10.48278,8.961206,49.92254,22.52065,0,22.48935,0,0,56.08906,40.65186,112.7894,0,80.13568,341.0046,201.8682,62.02913,10.94306,281.2104,45.24441,58.77525,28.85519,9.194231,2310.47,106.8246,468.3533,468.3533,407.5549,713.0554,0,0,0,0,0,2424.554,1501.059,3819.106,0,4731.754,473.7369,4100.939,1452.984,1697.676,4117.451,1986.126,597.9644,793.8336,0.2971342,0.6301049,0.1430191,0.3629846,0.3629846,0.1072806,0.1425608,0,0,0,0,0,0.5073247,0.6355667,0.8233271,0,0.5002691,0.07265345,0.5213766,0.4062435,0.4903423,0.7858919,0.3712869,0.08937014,0.1205345,0.4888803,0.6125056,0.1206271,0.3603196,0.3597075,0.08922955,0.146547,0.02484879,0,0.0248383,0,0,0.502525,0.4260139,0.6762778,0,0.4366025,0.2099724,0.6068338,0.6537452,0.4145264,0.6229553,0.5168597,0.2162767,0.1048956,0.8984216,0.8984216,0.4291652,0.2701773,4.214603,0.4824601,1.633061,1.272807E-06,0,0.0003961672,0,0.06507815,0.7664354,0.8350285,0,0.06507775,0.7664347,0.848224,0,1.416395,1.280006,0.4274615,1.416404,1.280005,1.294025,0,0,0,0,0,0,0,0,0.3373594,0.3659485
0,43.49805,0,25.51238,25.51238,14.29267,63.46615,22.64542,0,22.61429,0,0,47.84749,9.345982,14.48847,0,92.67542,325.2151,111.5647,65.57342,45.66285,180.2168,50.35807,38.84418,9.495527,30.94303,3666.802,159.2448,1082.401,1081.815,595.8402,741.8157,0,0,0,0,0,2936.86,1787.186,2379.15,0,8084.114,1621.657,3732.957,3576.634,1156.04,2678.75,4933.333,3126.756,370.0516,1,1,0.2132003,0.8388857,0.8384315,0.1568429,0.1483108,0,0,0,0,0,0.6145218,0.7567162,0.5128999,0,0.8547004,0.2487013,0.4745928,1,0.3339007,0.5112892,0.9222383,0.4673164,0.0561881,0.5877709,0.7229944,0.1693561,0.4611513,0.4600665,0.1174323,0.1956207,0.00894196,0,0.008269573,0,0,0.4566328,0.4602802,0.5068079,0,0.6165389,0.2952209,0.5660148,0.7726737,0.4771294,0.5350834,0.5769375,0.2768236,0.1212099,0.8984216,0.8984216,0.4291652,0.2701773,4.214603,0.4824601,1.633061,1.272807E-06,0,0.0003961672,0,0.06507815,0.7664354,0.8350285,0,0.06507775,0.7664347,0.848224,0,1.416395,1.280006,0.4274615,1.416404,1.280005,1.294025,0,0,0,0,0,0,0,0,0.6208702,0.4360136
0,82.66283,4.597001,10.87849,10.81355,29.72104,56.77562,22.20566,0,22.17392,0,0,50.60924,68.96638,64.7953,0,354.4801,271.205,235.8893,67.83347,7.121644,110.2433,142.1905,65.36897,18.91674,9.953952,2348.574,71.21642,216.5963,210.6611,191.7561,1367.569,0,0,0,0,0,1342.302,402.8612,100.7152,0,4237.376,2735.662,2825.057,2687.494,3267.372,2814.263,2742.607,2349.653,883.7753,0.3216864,0.6404965,0.09534605,0.1678672,0.1632672,0.05047593,0.2734174,0,0,0,0,0,0.2808694,0.1705763,0.0217123,0,0.4480005,0.4195479,0.3591661,0.7514032,0.94372,0.5371543,0.5127035,0.3511728,0.1341912,0.5376675,0.6581766,0.1925473,0.4026253,0.4011685,0.1405715,0.2409551,0.007364503,0,0.005511127,0,0,0.3458119,0.3872544,0.3120431,0,0.6941561,0.407858,0.4856807,0.7184728,0.47881,0.4484151,0.480434,0.2573427,0.1649899,0.8984216,0.8984216,0.4291652,0.2701773,4.214603,0.4824601,1.633061,1.272807E-06,0,0.0003961672,0,0.06507815,0.7664354,0.8350285,0,0.06507775,0.7664347,0.848224,0,1.416395,1.280006,0.4274615,1.416404,1.280005,1.294025,0,0,0,0,0,0,0,0,0.363858,0.4111441
0,32.22287,2.65408,8.882252,8.961206,29.8157,93.97383,21.13291,0,21.13291,0,0,93.79375,82.38966,68.37137,0,486.7669,180.0251,141.7289,46.18438,116.0407,21.23267,73.40001,12.948,44.64885,19.13577,2073.889,254.2936,614.694,615.7245,824.3919,1682.672,50.35762,0,35.60821,0,0,914.7946,513.5495,1542.306,0,9458.418,5041.549,7151.949,2808.399,347.0661,978.42,1347.488,643.9094,1971.388,0.6184196,0.5655851,0.3404536,0.476402,0.4772007,0.2170045,0.3364156,0.02055373,0,0.01452755,0,0,0.1914158,0.2174431,0.3324921,0,1,0.7731842,0.9092695,0.7852073,0.1002436,0.1867496,0.2518996,0.09623695,0.2993326,0.5058028,0.5097217,0.2020417,0.3321233,0.3313169,0.1886251,0.2973124,0.01605618,0,0.01301748,0,0,0.2377407,0.2969536,0.2399491,0,0.7052641,0.4534574,0.4406672,0.6365337,0.3177463,0.301583,0.3349912,0.1757818,0.1935577,0.8984216,0.8984216,0.4291652,0.2701773,4.214603,0.4824601,1.633061,1.272807E-06,0,0.0003961672,0,0.06507815,0.7664354,0.8350285,0,0.06507775,0.7664347,0.848224,0,1.416395,1.280006,0.4274615,1.416404,1.280005,1.294025,0,0,0,0,0,0,0,0,0.4117756,0.3527836
0,56.99852,7.219878,17.60519,17.60519,19.02813,44.71191,19.50345,0,19.4673,0,0,99.41637,65.28271,16.91132,0,211.998,11.92861,96.65688,55.13905,104.3806,28.21333,44.14109,8.476453,60.30156,10.51985,883.0577,146.8164,163.1774,163.1774,982.9452,1182.071,61.67524,0,50.35762,0,0,719.2521,920.3221,1062.896,0,6561.624,1927.811,35.60821,841.8938,413.7304,1269.479,354.2974,308.3763,1651.487,0.3399749,0.240825,0.1965609,0.1264662,0.1264662,0.2587405,0.2363307,0.02517307,0,0.02054505,0,0,0.1504996,0.3896756,0.2291404,0,0.6937338,0.2956538,0.004527082,0.2353872,0.1194984,0.2423037,0.06623243,0.04608909,0.2507593,0.4000669,0.3159422,0.1623647,0.2137007,0.2130982,0.2296294,0.318652,0.02792493,0,0.02503679,0,0,0.14612,0.2457862,0.1945156,0,0.5573225,0.3387963,0.261304,0.4498787,0.2066291,0.2213497,0.2013588,0.08745833,0.1867803,0.8984216,0.8984216,0.4291652,0.2701773,4.214603,0.4824601,1.633061,1.272807E-06,0,0.0003961672,0,0.06507815,0.7664354,0.8350285,0,0.06507775,0.7664347,0.848224,0,1.416395,1.280006,0.4274615,1.416404,1.280005,1.294025,0,0,0,0,0,0,0,0,0.2060719,0.2575228
0,28.61003,11.98752,22.14213,22.14213,19.64739,76.02135,17.24132,0,17.28213,0,0,116.604,34.76758,18.42629,0,141.9624,52.29328,96.48179,41.49227,118.1765,43.83682,36.09955,1.678587,33.84355,11.56164,469.705,0,170.771,170.771,1030.799,2494.67,79.62239,0,79.62239,0,0,421.3224,337.8093,684.0127,0,1978.771,537.6729,284.8658,1429.228,341.5421,439.0079,958.1225,210.6611,118.0991,0.373643,0.1280966,0,0.1323515,0.1323515,0.271337,0.4987579,0.0324983,0,0.03248458,0,0,0.0881594,0.1430326,0.1474602,0,0.2092074,0.08245883,0.03621667,0.3996014,0.09864814,0.0837928,0.1791116,0.03148483,0.01793199,0.3604328,0.1901065,0.1132904,0.1779989,0.1772808,0.2598167,0.327854,0.04194423,0,0.04023182,0,0,0.09195309,0.2089396,0.1642177,0,0.3577719,0.1895534,0.1434471,0.3466628,0.123797,0.1648584,0.182013,0.0455104,0.1483023,0.8984216,0.8984216,0.4291652,0.2701773,4.214603,0.4824601,1.633061,1.272807E-06,0,0.0003961672,0,0.06507815,0.7664354,0.8350285,0,0.06507775,0.7664347,0.848224,0,1.416395,1.280006,0.4274615,1.416404,1.280005,1.294025,0,0,0,0,0,0,0,0,0.1789956,0.2025747
0,14.43976,13.16381,17.80413,17.80413,17.07712,10.21045,14.3909,0,14.43976,0,0,111.432,26.46112,41.32215,0,158.7183,34.38047,90.21006,81.14036,129.5637,40.77298,22.17392,8.722198,37.30865,8.505177,341.5421,71.21642,204.5536,201.4305,1000.208,1075.939,170.771,0,170.771,0,0,112.6031,357.8583,378.5208,0,645.8755,204.5536,692.3041,793.0345,552.7888,979.7149,1277.445,282.6315,1053.911,0.2748657,0.09314442,0.09534605,0.1585338,0.1561133,0.2632846,0.2151118,0.06970109,0,0.06967167,0,0,0.02356157,0.1515216,0.08160192,0,0.06828579,0.03137084,0.0880167,0.2217265,0.1596628,0.1869968,0.2388058,0.04224134,0.1600244,0.3040506,0.1173205,0.08540414,0.1491524,0.1475388,0.2645691,0.2805019,0.05648625,0,0.05594936,0,0,0.05202087,0.1760967,0.1126303,0,0.1690959,0.0720885,0.06722897,0.2627721,0.1416413,0.1702078,0.2063656,0.04027854,0.13853,0.8984216,0.8984216,0.4291652,0.2701773,4.214603,0.4824601,1.633061,1.272807E-06,0,0.0003961672,0,0.06507815,0.7664354,0.8350285,0,0.06507775,0.7664347,0.848224,0,1.416395,1.280006,0.4274615,1.416404,1.280005,1.294025,0,0,0,0,0,0,0,0,0.1540888,0.1653995
0,21.75701,10.81355,19.53953,19.32202,17.96169,32.74334,8.64106,0,8.722198,0,0,110.045,35.56878,28.6838,0,143.6401,27.6076,67.13407,101.4992,111.1408,20.4898,40.80752,0,53.71534,8.505177,341.5421,71.21642,204.5536,201.4305,1000.208,1075.939,170.771,0,170.771,0,0,112.6031,357.8583,378.5208,0,645.8755,204.5536,692.3041,793.0345,552.7888,979.7149,1277.445,282.6315,1053.911,0.2748657,0.09314442,0.09534605,0.1585338,0.1561133,0.2632846,0.2151118,0.06970109,0,0.06967167,0,0,0.02356157,0.1515216,0.08160192,0,0.06828579,0.03137084,0.0880167,0.2217265,0.1596628,0.1869968,0.2388058,0.04224134,0.1600244,0.285841,0.09702799,0.08475205,0.1556246,0.1534731,0.2641793,0.246628,0.06556745,0,0.06553977,0,0,0.03073911,0.1505783,0.08891951,0,0.08394375,0.03704729,0.08226115,0.2414904,0.1528834,0.1755297,0.2321731,0.04104618,0.1442363,0.8984216,0.8984216,0.4291652,0.2701773,4.214603,0.4824601,1.633061,1.272807E-06,0,0.0003961672,0,0.06507815,0.7664354,0.8350285,0,0.06507775,0.7664347,0.848224,0,1.416395,1.280006,0.4274615,1.416404,1.280005,1.294025,0,0,0,0,0,0,0,0,0.1540888,0.1568562
